city,candidate,mae,mae_sd,outbreak_mae,vs control,2 × SE (uncorrected),threshold (2.69 × SE),adopt
iq,lr .0005,7.557692307692307,2.6950192389340843,23.333333333333332,-0.153846153846154,0.1993373308393105,0.24418799711355157,False
iq,lr .003,7.5747863247863245,2.451573211170827,22.435897435897434,-0.13675213675213665,0.32926788849157657,0.4033527782579816,False
iq,48→12,7.711538461538461,2.705325670274934,22.71794871794872,-9.868649107779169e-17,0.2736961800026819,0.3352775003612372,False
iq,"control 70→18, d .5/.5, lr .001",7.711538461538463,2.6420095565764745,22.064102564102566,0.0,,,False
iq,70→35,7.893162393162394,2.7040456881306016,21.705128205128204,0.18162393162393187,0.4313064754543637,0.528349927933,False
iq,dropout .3/.7,7.933760683760683,2.373074412305256,22.41025641025641,0.22222222222222202,0.21329025151226966,0.2612803086172143,False
iq,dropout .3/.5,8.004273504273506,2.292271750851143,21.243589743589748,0.2927350427350427,0.31617434074931655,0.387313197589218,False
iq,100→25,8.11111111111111,2.2886590448420114,20.756410256410255,0.39957264957264943,0.5519442124135124,0.6761310145981609,False
sj,128→32,16.912393162393162,7.318521272500483,58.57272727272727,-2.047008547008547,2.3292362514534903,2.8533116835260617,False
sj,48→12,17.235042735042736,8.045432991969474,55.6439393939394,-1.7243589743589745,1.7844247245633922,2.185918200350991,False
sj,64→16,17.311965811965813,8.478974484008088,57.13181818181818,-1.6474358974358978,2.235498229476104,2.738482716249,False
sj,dropout .5/.5,17.713675213675213,8.021775124656564,60.36969696969697,-1.2457264957264964,1.297071908786172,1.5889115710798194,False
sj,100→50,18.126068376068375,8.028754669625679,59.04393939393939,-0.8333333333333344,0.7672249489478089,0.9398496650390904,False
sj,lr .005,18.869658119658123,9.47516401718362,59.71060606060606,-0.08974358974359012,1.4472848595994403,1.7729222601221897,False
sj,"control 100→25, d .3/.7, lr .01",18.95940170940171,8.218130598211316,59.093939393939394,0.0,,,False
sj,dropout .2/.5,19.17735042735043,9.358638473073473,64.84848484848486,0.21794871794871737,2.8947258712739075,3.5460358063536366,False
