city,year,weekofyear,total_cases
sj,2008,18,4
sj,2008,19,4
sj,2008,20,6
sj,2008,21,6
sj,2008,22,7
sj,2008,23,6
sj,2008,24,6
sj,2008,25,8
sj,2008,26,8
sj,2008,27,8
sj,2008,28,10
sj,2008,29,12
sj,2008,30,15
sj,2008,31,19
sj,2008,32,27
sj,2008,33,31
sj,2008,34,29
sj,2008,35,27
sj,2008,36,27
sj,2008,37,33
sj,2008,38,32
sj,2008,39,34
sj,2008,40,29
sj,2008,41,43
sj,2008,42,46
sj,2008,43,30
sj,2008,44,30
sj,2008,45,28
sj,2008,46,24
sj,2008,47,24
sj,2008,48,19
sj,2008,49,18
sj,2008,50,15
sj,2008,51,14
sj,2008,52,14
sj,2009,1,14
sj,2009,2,16
sj,2009,3,16
sj,2009,4,15
sj,2009,5,15
sj,2009,6,16
sj,2009,7,17
sj,2009,8,13
sj,2009,9,16
sj,2009,10,12
sj,2009,11,13
sj,2009,12,13
sj,2009,13,13
sj,2009,14,10
sj,2009,15,11
sj,2009,16,11
sj,2009,17,10
sj,2009,18,8
sj,2009,19,7
sj,2009,20,8
sj,2009,21,6
sj,2009,22,8
sj,2009,23,8
sj,2009,24,8
sj,2009,25,8
sj,2009,26,9
sj,2009,27,10
sj,2009,28,11
sj,2009,29,13
sj,2009,30,15
sj,2009,31,21
sj,2009,32,22
sj,2009,33,27
sj,2009,34,31
sj,2009,35,30
sj,2009,36,31
sj,2009,37,37
sj,2009,38,44
sj,2009,39,49
sj,2009,40,54
sj,2009,41,70
sj,2009,42,72
sj,2009,43,76
sj,2009,44,77
sj,2009,45,83
sj,2009,46,90
sj,2009,47,90
sj,2009,48,89
sj,2009,49,120
sj,2009,50,118
sj,2009,51,87
sj,2009,52,69
sj,2010,53,59
sj,2010,1,37
sj,2010,2,42
sj,2010,3,49
sj,2010,4,47
sj,2010,5,40
sj,2010,6,23
sj,2010,7,18
sj,2010,8,27
sj,2010,9,33
sj,2010,10,28
sj,2010,11,37
sj,2010,12,29
sj,2010,13,33
sj,2010,14,38
sj,2010,15,31
sj,2010,16,26
sj,2010,17,22
sj,2010,18,19
sj,2010,19,22
sj,2010,20,47
sj,2010,21,38
sj,2010,22,49
sj,2010,23,60
sj,2010,24,66
sj,2010,25,70
sj,2010,26,72
sj,2010,27,85
sj,2010,28,99
sj,2010,29,117
sj,2010,30,137
sj,2010,31,131
sj,2010,32,122
sj,2010,33,125
sj,2010,34,140
sj,2010,35,139
sj,2010,36,136
sj,2010,37,143
sj,2010,38,132
sj,2010,39,112
sj,2010,40,110
sj,2010,41,95
sj,2010,42,95
sj,2010,43,85
sj,2010,44,78
sj,2010,45,58
sj,2010,46,56
sj,2010,47,56
sj,2010,48,46
sj,2010,49,30
sj,2010,50,19
sj,2010,51,14
sj,2011,52,16
sj,2011,1,15
sj,2011,2,13
sj,2011,3,13
sj,2011,4,13
sj,2011,5,12
sj,2011,6,12
sj,2011,7,11
sj,2011,8,10
sj,2011,9,10
sj,2011,10,10
sj,2011,11,9
sj,2011,12,9
sj,2011,13,8
sj,2011,14,8
sj,2011,15,7
sj,2011,16,7
sj,2011,17,6
sj,2011,18,7
sj,2011,19,7
sj,2011,20,7
sj,2011,21,7
sj,2011,22,10
sj,2011,23,11
sj,2011,24,13
sj,2011,25,16
sj,2011,26,20
sj,2011,27,19
sj,2011,28,28
sj,2011,29,28
sj,2011,30,31
sj,2011,31,31
sj,2011,32,37
sj,2011,33,36
sj,2011,34,40
sj,2011,35,38
sj,2011,36,39
sj,2011,37,37
sj,2011,38,37
sj,2011,39,36
sj,2011,40,37
sj,2011,41,34
sj,2011,42,30
sj,2011,43,26
sj,2011,44,22
sj,2011,45,21
sj,2011,46,20
sj,2011,47,19
sj,2011,48,17
sj,2011,49,17
sj,2011,50,16
sj,2011,51,15
sj,2012,52,15
sj,2012,1,14
sj,2012,2,14
sj,2012,3,13
sj,2012,4,12
sj,2012,5,12
sj,2012,6,12
sj,2012,7,11
sj,2012,8,10
sj,2012,9,9
sj,2012,10,9
sj,2012,11,8
sj,2012,12,8
sj,2012,13,7
sj,2012,14,8
sj,2012,15,9
sj,2012,16,9
sj,2012,17,9
sj,2012,18,8
sj,2012,19,8
sj,2012,20,9
sj,2012,21,9
sj,2012,22,10
sj,2012,23,10
sj,2012,24,11
sj,2012,25,12
sj,2012,26,15
sj,2012,27,21
sj,2012,28,28
sj,2012,29,34
sj,2012,30,46
sj,2012,31,56
sj,2012,32,57
sj,2012,33,66
sj,2012,34,74
sj,2012,35,69
sj,2012,36,75
sj,2012,37,86
sj,2012,38,83
sj,2012,39,79
sj,2012,40,79
sj,2012,41,73
sj,2012,42,68
sj,2012,43,76
sj,2012,44,103
sj,2012,45,113
sj,2012,46,120
sj,2012,47,125
sj,2012,48,134
sj,2012,49,113
sj,2012,50,123
sj,2012,51,139
sj,2013,1,148
sj,2013,2,132
sj,2013,3,120
sj,2013,4,72
sj,2013,5,54
sj,2013,6,49
sj,2013,7,63
sj,2013,8,62
sj,2013,9,58
sj,2013,10,60
sj,2013,11,47
sj,2013,12,60
sj,2013,13,37
sj,2013,14,26
sj,2013,15,60
sj,2013,16,63
sj,2013,17,65
iq,2010,26,2
iq,2010,27,2
iq,2010,28,3
iq,2010,29,2
iq,2010,30,2
iq,2010,31,3
iq,2010,32,3
iq,2010,33,3
iq,2010,34,3
iq,2010,35,1
iq,2010,36,1
iq,2010,37,1
iq,2010,38,1
iq,2010,39,2
iq,2010,40,2
iq,2010,41,1
iq,2010,42,2
iq,2010,43,2
iq,2010,44,1
iq,2010,45,2
iq,2010,46,1
iq,2010,47,2
iq,2010,48,2
iq,2010,49,2
iq,2010,50,3
iq,2010,51,2
iq,2011,52,3
iq,2011,1,4
iq,2011,2,8
iq,2011,3,10
iq,2011,4,11
iq,2011,5,10
iq,2011,6,7
iq,2011,7,8
iq,2011,8,7
iq,2011,9,7
iq,2011,10,6
iq,2011,11,6
iq,2011,12,5
iq,2011,13,5
iq,2011,14,6
iq,2011,15,3
iq,2011,16,4
iq,2011,17,4
iq,2011,18,4
iq,2011,19,4
iq,2011,20,4
iq,2011,21,3
iq,2011,22,3
iq,2011,23,3
iq,2011,24,3
iq,2011,25,3
iq,2011,26,3
iq,2011,27,3
iq,2011,28,2
iq,2011,29,3
iq,2011,30,3
iq,2011,31,3
iq,2011,32,3
iq,2011,33,2
iq,2011,34,2
iq,2011,35,2
iq,2011,36,1
iq,2011,37,1
iq,2011,38,2
iq,2011,39,2
iq,2011,40,3
iq,2011,41,4
iq,2011,42,4
iq,2011,43,4
iq,2011,44,5
iq,2011,45,4
iq,2011,46,4
iq,2011,47,5
iq,2011,48,3
iq,2011,49,3
iq,2011,50,3
iq,2011,51,4
iq,2012,52,5
iq,2012,1,5
iq,2012,2,9
iq,2012,3,11
iq,2012,4,11
iq,2012,5,12
iq,2012,6,13
iq,2012,7,13
iq,2012,8,13
iq,2012,9,10
iq,2012,10,8
iq,2012,11,6
iq,2012,12,5
iq,2012,13,4
iq,2012,14,4
iq,2012,15,3
iq,2012,16,3
iq,2012,17,3
iq,2012,18,3
iq,2012,19,2
iq,2012,20,3
iq,2012,21,2
iq,2012,22,2
iq,2012,23,2
iq,2012,24,2
iq,2012,25,2
iq,2012,26,2
iq,2012,27,2
iq,2012,28,2
iq,2012,29,2
iq,2012,30,2
iq,2012,31,2
iq,2012,32,2
iq,2012,33,1
iq,2012,34,1
iq,2012,35,1
iq,2012,36,1
iq,2012,37,1
iq,2012,38,1
iq,2012,39,2
iq,2012,40,2
iq,2012,41,3
iq,2012,42,3
iq,2012,43,5
iq,2012,44,6
iq,2012,45,4
iq,2012,46,4
iq,2012,47,5
iq,2012,48,7
iq,2012,49,5
iq,2012,50,5
iq,2012,51,6
iq,2013,1,5
iq,2013,2,4
iq,2013,3,7
iq,2013,4,9
iq,2013,5,9
iq,2013,6,10
iq,2013,7,10
iq,2013,8,10
iq,2013,9,9
iq,2013,10,9
iq,2013,11,7
iq,2013,12,6
iq,2013,13,6
iq,2013,14,6
iq,2013,15,5
iq,2013,16,5
iq,2013,17,3
iq,2013,18,3
iq,2013,19,4
iq,2013,20,3
iq,2013,21,3
iq,2013,22,4
iq,2013,23,4
iq,2013,24,2
iq,2013,25,2
iq,2013,26,2
