city,max_features,min_samples_leaf,mae,outbreak_mae
sj,0.5,3,13.384615384615381,44.80909090909091
sj,0.5,5,13.621794871794874,44.85
sj,0.5,10,14.230769230769232,47.663636363636364
sj,0.8,3,13.211538461538462,46.27272727272727
sj,0.8,5,13.185897435897436,45.15
sj,0.8,10,13.391025641025642,45.34090909090909
sj,1.0,3,13.506410256410257,47.981818181818184
sj,1.0,5,12.993589743589743,46.236363636363635
sj,1.0,10,13.487179487179487,47.2
iq,0.3,3,7.288461538461539,25.692307692307693
iq,0.3,5,7.365384615384616,25.846153846153847
iq,0.3,10,7.314102564102565,26.346153846153847
iq,0.5,3,7.2756410256410255,25.346153846153847
iq,0.5,5,7.2756410256410255,25.53846153846154
iq,0.5,10,7.237179487179488,25.846153846153847
iq,0.7,3,7.288461538461537,24.923076923076923
iq,0.7,5,7.198717948717949,25.26923076923077
iq,0.7,10,7.262820512820514,25.653846153846153
