epoch,mae,learning_rate
1,29.180446784496308,0.01
2,22.98199588060379,0.01
3,21.680769662857056,0.01
4,19.611334450244904,0.008
5,18.192841806411742,0.008
6,18.138440775871278,0.008
7,17.768325908184053,0.0064
8,17.190154135227203,0.0064
9,16.066664786338805,0.0064
10,16.921817605495452,0.00512
11,15.478596048355103,0.00512
12,15.92579403400421,0.00512
13,14.927271132469178,0.004096000000000001
14,15.040739252567292,0.004096000000000001
15,14.8125057721138,0.004096000000000001
16,15.336962966918945,0.0032768000000000007
17,14.352212553024293,0.0032768000000000007
18,14.606318295001984,0.0032768000000000007
19,14.44939201593399,0.002621440000000001
20,14.602484931945801,0.002621440000000001
21,13.417715804576874,0.002621440000000001
22,14.116241526603698,0.002097152000000001
23,13.696973476409912,0.002097152000000001
24,13.733573031425475,0.002097152000000001
25,13.936258766651154,0.001677721600000001
26,13.368041360378266,0.001677721600000001
27,13.388403108119965,0.001677721600000001
28,13.3980650806427,0.0013421772800000008
29,13.049621453285217,0.0013421772800000008
30,13.052092225551606,0.0013421772800000008
31,13.107416204214097,0.0010737418240000006
32,12.743851914405823,0.0010737418240000006
33,13.182970192432403,0.0010737418240000006
34,13.013016159534454,0.0008589934592000006
35,12.895159013271332,0.0008589934592000006
36,12.64100934267044,0.0008589934592000006
37,12.944334757328033,0.0006871947673600005
38,12.936943964958191,0.0006871947673600005
39,12.28606716632843,0.0006871947673600005
40,12.910891535282135,0.0005497558138880005
