city,year,weekofyear,total_cases,role,prediction
sj,2003,18,5,control,11
sj,2003,19,7,control,8
sj,2003,20,7,control,9
sj,2003,21,7,control,12
sj,2003,22,7,control,9
sj,2003,23,10,control,10
sj,2003,24,13,control,12
sj,2003,25,10,control,11
sj,2003,26,14,control,6
sj,2003,27,11,control,5
sj,2003,28,20,control,12
sj,2003,29,25,control,12
sj,2003,30,17,control,13
sj,2003,31,18,control,13
sj,2003,32,25,control,25
sj,2003,33,21,control,30
sj,2003,34,31,control,21
sj,2003,35,32,control,25
sj,2003,36,26,control,59
sj,2003,37,35,control,113
sj,2003,38,28,control,69
sj,2003,39,37,control,75
sj,2003,40,41,control,83
sj,2003,41,34,control,52
sj,2003,42,30,control,72
sj,2003,43,39,control,65
sj,2003,44,39,control,90
sj,2003,45,39,control,100
sj,2003,46,34,control,116
sj,2003,47,30,control,125
sj,2003,48,37,control,160
sj,2003,49,29,control,126
sj,2003,50,26,control,131
sj,2003,51,15,control,90
sj,2003,52,22,control,25
sj,2004,1,15,control,47
sj,2004,2,20,control,26
sj,2004,3,14,control,26
sj,2004,4,10,control,32
sj,2004,5,21,control,21
sj,2004,6,14,control,17
sj,2004,7,14,control,22
sj,2004,8,9,control,30
sj,2004,9,11,control,24
sj,2004,10,5,control,22
sj,2004,11,6,control,20
sj,2004,12,7,control,13
sj,2004,13,11,control,11
sj,2004,14,4,control,12
sj,2004,15,3,control,12
sj,2004,16,2,control,11
sj,2004,17,6,control,11
sj,2004,18,10,control,12
sj,2004,19,7,control,11
sj,2004,20,5,control,11
sj,2004,21,3,control,11
sj,2004,22,12,control,10
sj,2004,23,13,control,10
sj,2004,24,10,control,9
sj,2004,25,13,control,10
sj,2004,26,13,control,10
sj,2004,27,8,control,8
sj,2004,28,21,control,10
sj,2004,29,18,control,11
sj,2004,30,8,control,8
sj,2004,31,7,control,6
sj,2004,32,20,control,9
sj,2004,33,14,control,10
sj,2004,34,14,control,11
sj,2004,35,7,control,10
sj,2004,36,14,control,13
sj,2004,37,10,control,10
sj,2004,38,13,control,11
sj,2004,39,27,control,11
sj,2004,40,13,control,9
sj,2004,41,18,control,11
sj,2004,42,16,control,31
sj,2004,43,16,control,16
sj,2004,44,20,control,24
sj,2004,45,17,control,25
sj,2004,46,4,control,15
sj,2004,47,15,control,13
sj,2004,48,8,control,28
sj,2004,49,6,control,30
sj,2004,50,12,control,46
sj,2004,51,15,control,28
sj,2004,52,11,control,41
sj,2005,53,10,control,40
sj,2005,1,15,control,30
sj,2005,2,17,control,34
sj,2005,3,7,control,39
sj,2005,4,7,control,41
sj,2005,5,8,control,46
sj,2005,6,9,control,55
sj,2005,7,12,control,54
sj,2005,8,12,control,36
sj,2005,9,5,control,38
sj,2005,10,4,control,35
sj,2005,11,11,control,22
sj,2005,12,4,control,14
sj,2005,13,5,control,16
sj,2005,14,7,control,14
sj,2005,15,1,control,8
sj,2005,16,1,control,8
sj,2005,17,4,control,11
sj,2005,18,2,control,5
sj,2005,19,6,control,5
sj,2005,20,3,control,6
sj,2005,21,4,control,7
sj,2005,22,10,control,7
sj,2005,23,12,control,6
sj,2005,24,21,control,8
sj,2005,25,26,control,0
sj,2005,26,21,control,0
sj,2005,27,30,control,8
sj,2005,28,45,control,6
sj,2005,29,56,control,1
sj,2005,30,75,control,4
sj,2005,31,83,control,18
sj,2005,32,82,control,21
sj,2005,33,126,control,34
sj,2005,34,119,control,24
sj,2005,35,137,control,18
sj,2005,36,131,control,7
sj,2005,37,112,control,10
sj,2005,38,82,control,11
sj,2005,39,73,control,3
sj,2005,40,43,control,0
sj,2005,41,55,control,0
sj,2005,42,55,control,11
sj,2005,43,53,control,5
sj,2005,44,46,control,13
sj,2005,45,43,control,41
sj,2005,46,29,control,31
sj,2005,47,22,control,25
sj,2005,48,26,control,52
sj,2005,49,13,control,41
sj,2005,50,17,control,37
sj,2005,51,8,control,44
sj,2006,52,13,control,27
sj,2006,1,10,control,15
sj,2006,2,17,control,20
sj,2006,3,19,control,20
sj,2006,4,9,control,25
sj,2006,5,9,control,3
sj,2006,6,9,control,11
sj,2006,7,3,control,10
sj,2006,8,7,control,0
sj,2006,9,7,control,5
sj,2006,10,0,control,7
sj,2006,11,2,control,2
sj,2006,12,3,control,0
sj,2006,13,3,control,4
sj,2006,14,1,control,5
sj,2006,15,3,control,7
sj,2006,16,3,control,3
sj,2006,17,3,control,6
sj,2006,18,7,control,9
sj,2006,19,3,control,7
sj,2006,20,5,control,9
sj,2006,21,11,control,7
sj,2006,22,5,control,8
sj,2006,23,5,control,7
sj,2006,24,6,control,4
sj,2006,25,6,control,8
sj,2006,26,4,control,5
sj,2006,27,4,control,8
sj,2006,28,8,control,2
sj,2006,29,14,control,2
sj,2006,30,12,control,9
sj,2006,31,16,control,6
sj,2006,32,10,control,7
sj,2006,33,16,control,0
sj,2006,34,18,control,0
sj,2006,35,15,control,0
sj,2006,36,23,control,0
sj,2006,37,17,control,0
sj,2006,38,33,control,2
sj,2006,39,15,control,0
sj,2006,40,13,control,9
sj,2006,41,11,control,21
sj,2006,42,14,control,22
sj,2006,43,17,control,24
sj,2006,44,19,control,17
sj,2006,45,20,control,45
sj,2006,46,12,control,26
sj,2006,47,21,control,33
sj,2006,48,7,control,20
sj,2006,49,19,control,14
sj,2006,50,10,control,20
sj,2006,51,13,control,2
sj,2007,1,10,control,0
sj,2007,2,8,control,1
sj,2007,3,21,control,9
sj,2007,4,11,control,9
sj,2007,5,9,control,11
sj,2007,6,14,control,30
sj,2007,7,14,control,21
sj,2007,8,15,control,20
sj,2007,9,18,control,11
sj,2007,10,16,control,13
sj,2007,11,12,control,5
sj,2007,12,20,control,15
sj,2007,13,8,control,2
sj,2007,14,3,control,11
sj,2007,15,13,control,14
sj,2007,16,4,control,25
sj,2007,17,1,control,27
sj,2007,18,10,control,21
sj,2007,19,8,control,9
sj,2007,20,13,control,8
sj,2007,21,10,control,12
sj,2007,22,21,control,11
sj,2007,23,18,control,13
sj,2007,24,21,control,10
sj,2007,25,34,control,13
sj,2007,26,25,control,12
sj,2007,27,34,control,13
sj,2007,28,33,control,22
sj,2007,29,40,control,25
sj,2007,30,42,control,48
sj,2007,31,36,control,72
sj,2007,32,72,control,86
sj,2007,33,75,control,107
sj,2007,34,76,control,109
sj,2007,35,92,control,68
sj,2007,36,71,control,88
sj,2007,37,112,control,101
sj,2007,38,106,control,89
sj,2007,39,101,control,81
sj,2007,40,170,control,116
sj,2007,41,135,control,150
sj,2007,42,106,control,175
sj,2007,43,68,control,187
sj,2007,44,48,control,224
sj,2007,45,48,control,235
sj,2007,46,26,control,245
sj,2007,47,33,control,242
sj,2007,48,29,control,252
sj,2007,49,17,control,245
sj,2007,50,12,control,189
sj,2007,51,13,control,183
sj,2007,52,17,control,181
sj,2008,1,15,control,143
sj,2008,2,14,control,119
sj,2008,3,15,control,119
sj,2008,4,10,control,113
sj,2008,5,9,control,88
sj,2008,6,2,control,68
sj,2008,7,6,control,70
sj,2008,8,8,control,42
sj,2008,9,5,control,43
sj,2008,10,1,control,29
sj,2008,11,2,control,4
sj,2008,12,3,control,13
sj,2008,13,4,control,7
sj,2008,14,3,control,7
sj,2008,15,1,control,7
sj,2008,16,3,control,3
sj,2008,17,5,control,6
sj,2003,18,5,candidate,11
sj,2003,19,7,candidate,10
sj,2003,20,7,candidate,10
sj,2003,21,7,candidate,11
sj,2003,22,7,candidate,10
sj,2003,23,10,candidate,11
sj,2003,24,13,candidate,12
sj,2003,25,10,candidate,11
sj,2003,26,14,candidate,11
sj,2003,27,11,candidate,11
sj,2003,28,20,candidate,13
sj,2003,29,25,candidate,13
sj,2003,30,17,candidate,14
sj,2003,31,18,candidate,13
sj,2003,32,25,candidate,22
sj,2003,33,21,candidate,26
sj,2003,34,31,candidate,39
sj,2003,35,32,candidate,41
sj,2003,36,26,candidate,53
sj,2003,37,35,candidate,103
sj,2003,38,28,candidate,68
sj,2003,39,37,candidate,69
sj,2003,40,41,candidate,87
sj,2003,41,34,candidate,57
sj,2003,42,30,candidate,75
sj,2003,43,39,candidate,70
sj,2003,44,39,candidate,105
sj,2003,45,39,candidate,113
sj,2003,46,34,candidate,113
sj,2003,47,30,candidate,137
sj,2003,48,37,candidate,149
sj,2003,49,29,candidate,136
sj,2003,50,26,candidate,109
sj,2003,51,15,candidate,98
sj,2003,52,22,candidate,60
sj,2004,1,15,candidate,54
sj,2004,2,20,candidate,31
sj,2004,3,14,candidate,38
sj,2004,4,10,candidate,33
sj,2004,5,21,candidate,26
sj,2004,6,14,candidate,31
sj,2004,7,14,candidate,21
sj,2004,8,9,candidate,27
sj,2004,9,11,candidate,27
sj,2004,10,5,candidate,18
sj,2004,11,6,candidate,19
sj,2004,12,7,candidate,12
sj,2004,13,11,candidate,12
sj,2004,14,4,candidate,12
sj,2004,15,3,candidate,13
sj,2004,16,2,candidate,11
sj,2004,17,6,candidate,12
sj,2004,18,10,candidate,13
sj,2004,19,7,candidate,12
sj,2004,20,5,candidate,11
sj,2004,21,3,candidate,13
sj,2004,22,12,candidate,11
sj,2004,23,13,candidate,11
sj,2004,24,10,candidate,12
sj,2004,25,13,candidate,11
sj,2004,26,13,candidate,12
sj,2004,27,8,candidate,10
sj,2004,28,21,candidate,11
sj,2004,29,18,candidate,13
sj,2004,30,8,candidate,8
sj,2004,31,7,candidate,9
sj,2004,32,20,candidate,10
sj,2004,33,14,candidate,10
sj,2004,34,14,candidate,12
sj,2004,35,7,candidate,11
sj,2004,36,14,candidate,21
sj,2004,37,10,candidate,14
sj,2004,38,13,candidate,10
sj,2004,39,27,candidate,11
sj,2004,40,13,candidate,11
sj,2004,41,18,candidate,20
sj,2004,42,16,candidate,28
sj,2004,43,16,candidate,24
sj,2004,44,20,candidate,27
sj,2004,45,17,candidate,18
sj,2004,46,4,candidate,21
sj,2004,47,15,candidate,30
sj,2004,48,8,candidate,27
sj,2004,49,6,candidate,33
sj,2004,50,12,candidate,43
sj,2004,51,15,candidate,33
sj,2004,52,11,candidate,38
sj,2005,53,10,candidate,45
sj,2005,1,15,candidate,32
sj,2005,2,17,candidate,42
sj,2005,3,7,candidate,41
sj,2005,4,7,candidate,36
sj,2005,5,8,candidate,53
sj,2005,6,9,candidate,55
sj,2005,7,12,candidate,45
sj,2005,8,12,candidate,26
sj,2005,9,5,candidate,29
sj,2005,10,4,candidate,40
sj,2005,11,11,candidate,26
sj,2005,12,4,candidate,12
sj,2005,13,5,candidate,15
sj,2005,14,7,candidate,12
sj,2005,15,1,candidate,10
sj,2005,16,1,candidate,7
sj,2005,17,4,candidate,10
sj,2005,18,2,candidate,6
sj,2005,19,6,candidate,6
sj,2005,20,3,candidate,10
sj,2005,21,4,candidate,7
sj,2005,22,10,candidate,8
sj,2005,23,12,candidate,9
sj,2005,24,21,candidate,8
sj,2005,25,26,candidate,6
sj,2005,26,21,candidate,7
sj,2005,27,30,candidate,10
sj,2005,28,45,candidate,9
sj,2005,29,56,candidate,8
sj,2005,30,75,candidate,12
sj,2005,31,83,candidate,24
sj,2005,32,82,candidate,31
sj,2005,33,126,candidate,27
sj,2005,34,119,candidate,21
sj,2005,35,137,candidate,29
sj,2005,36,131,candidate,25
sj,2005,37,112,candidate,18
sj,2005,38,82,candidate,5
sj,2005,39,73,candidate,0
sj,2005,40,43,candidate,4
sj,2005,41,55,candidate,9
sj,2005,42,55,candidate,10
sj,2005,43,53,candidate,13
sj,2005,44,46,candidate,15
sj,2005,45,43,candidate,38
sj,2005,46,29,candidate,43
sj,2005,47,22,candidate,32
sj,2005,48,26,candidate,52
sj,2005,49,13,candidate,42
sj,2005,50,17,candidate,37
sj,2005,51,8,candidate,41
sj,2006,52,13,candidate,15
sj,2006,1,10,candidate,13
sj,2006,2,17,candidate,18
sj,2006,3,19,candidate,26
sj,2006,4,9,candidate,24
sj,2006,5,9,candidate,9
sj,2006,6,9,candidate,12
sj,2006,7,3,candidate,7
sj,2006,8,7,candidate,4
sj,2006,9,7,candidate,10
sj,2006,10,0,candidate,12
sj,2006,11,2,candidate,8
sj,2006,12,3,candidate,8
sj,2006,13,3,candidate,7
sj,2006,14,1,candidate,8
sj,2006,15,3,candidate,7
sj,2006,16,3,candidate,4
sj,2006,17,3,candidate,8
sj,2006,18,7,candidate,5
sj,2006,19,3,candidate,8
sj,2006,20,5,candidate,9
sj,2006,21,11,candidate,7
sj,2006,22,5,candidate,7
sj,2006,23,5,candidate,8
sj,2006,24,6,candidate,9
sj,2006,25,6,candidate,9
sj,2006,26,4,candidate,9
sj,2006,27,4,candidate,11
sj,2006,28,8,candidate,9
sj,2006,29,14,candidate,6
sj,2006,30,12,candidate,9
sj,2006,31,16,candidate,9
sj,2006,32,10,candidate,7
sj,2006,33,16,candidate,1
sj,2006,34,18,candidate,4
sj,2006,35,15,candidate,0
sj,2006,36,23,candidate,0
sj,2006,37,17,candidate,4
sj,2006,38,33,candidate,9
sj,2006,39,15,candidate,7
sj,2006,40,13,candidate,12
sj,2006,41,11,candidate,25
sj,2006,42,14,candidate,25
sj,2006,43,17,candidate,30
sj,2006,44,19,candidate,25
sj,2006,45,20,candidate,50
sj,2006,46,12,candidate,34
sj,2006,47,21,candidate,44
sj,2006,48,7,candidate,38
sj,2006,49,19,candidate,21
sj,2006,50,10,candidate,19
sj,2006,51,13,candidate,8
sj,2007,1,10,candidate,6
sj,2007,2,8,candidate,8
sj,2007,3,21,candidate,11
sj,2007,4,11,candidate,15
sj,2007,5,9,candidate,17
sj,2007,6,14,candidate,28
sj,2007,7,14,candidate,24
sj,2007,8,15,candidate,18
sj,2007,9,18,candidate,11
sj,2007,10,16,candidate,7
sj,2007,11,12,candidate,16
sj,2007,12,20,candidate,13
sj,2007,13,8,candidate,7
sj,2007,14,3,candidate,14
sj,2007,15,13,candidate,19
sj,2007,16,4,candidate,40
sj,2007,17,1,candidate,28
sj,2007,18,10,candidate,31
sj,2007,19,8,candidate,13
sj,2007,20,13,candidate,11
sj,2007,21,10,candidate,12
sj,2007,22,21,candidate,14
sj,2007,23,18,candidate,12
sj,2007,24,21,candidate,11
sj,2007,25,34,candidate,14
sj,2007,26,25,candidate,12
sj,2007,27,34,candidate,13
sj,2007,28,33,candidate,34
sj,2007,29,40,candidate,36
sj,2007,30,42,candidate,71
sj,2007,31,36,candidate,104
sj,2007,32,72,candidate,92
sj,2007,33,75,candidate,103
sj,2007,34,76,candidate,117
sj,2007,35,92,candidate,95
sj,2007,36,71,candidate,105
sj,2007,37,112,candidate,117
sj,2007,38,106,candidate,113
sj,2007,39,101,candidate,86
sj,2007,40,170,candidate,109
sj,2007,41,135,candidate,163
sj,2007,42,106,candidate,157
sj,2007,43,68,candidate,185
sj,2007,44,48,candidate,212
sj,2007,45,48,candidate,232
sj,2007,46,26,candidate,251
sj,2007,47,33,candidate,230
sj,2007,48,29,candidate,251
sj,2007,49,17,candidate,246
sj,2007,50,12,candidate,186
sj,2007,51,13,candidate,177
sj,2007,52,17,candidate,190
sj,2008,1,15,candidate,166
sj,2008,2,14,candidate,101
sj,2008,3,15,candidate,110
sj,2008,4,10,candidate,103
sj,2008,5,9,candidate,88
sj,2008,6,2,candidate,59
sj,2008,7,6,candidate,56
sj,2008,8,8,candidate,47
sj,2008,9,5,candidate,40
sj,2008,10,1,candidate,27
sj,2008,11,2,candidate,4
sj,2008,12,3,candidate,10
sj,2008,13,4,candidate,7
sj,2008,14,3,candidate,7
sj,2008,15,1,candidate,8
sj,2008,16,3,candidate,4
sj,2008,17,5,candidate,3
iq,2007,27,3,control,1
iq,2007,28,4,control,1
iq,2007,29,1,control,0
iq,2007,30,8,control,0
iq,2007,31,5,control,0
iq,2007,32,3,control,0
iq,2007,33,2,control,0
iq,2007,34,7,control,0
iq,2007,35,1,control,0
iq,2007,36,6,control,1
iq,2007,37,7,control,0
iq,2007,38,5,control,0
iq,2007,39,2,control,2
iq,2007,40,6,control,3
iq,2007,41,11,control,5
iq,2007,42,6,control,1
iq,2007,43,3,control,6
iq,2007,44,11,control,4
iq,2007,45,11,control,5
iq,2007,46,5,control,7
iq,2007,47,4,control,8
iq,2007,48,9,control,10
iq,2007,49,23,control,10
iq,2007,50,28,control,11
iq,2007,51,26,control,11
iq,2007,52,7,control,12
iq,2008,1,29,control,17
iq,2008,2,58,control,13
iq,2008,3,26,control,13
iq,2008,4,38,control,17
iq,2008,5,35,control,13
iq,2008,6,37,control,8
iq,2008,7,20,control,9
iq,2008,8,29,control,8
iq,2008,9,25,control,12
iq,2008,10,23,control,10
iq,2008,11,9,control,4
iq,2008,12,3,control,10
iq,2008,13,6,control,8
iq,2008,14,6,control,7
iq,2008,15,3,control,9
iq,2008,16,1,control,8
iq,2008,17,3,control,13
iq,2008,18,1,control,10
iq,2008,19,1,control,5
iq,2008,20,0,control,6
iq,2008,21,2,control,5
iq,2008,22,1,control,6
iq,2008,23,1,control,3
iq,2008,24,0,control,2
iq,2008,25,0,control,1
iq,2008,26,1,control,0
iq,2008,27,0,control,2
iq,2008,28,3,control,4
iq,2008,29,3,control,4
iq,2008,30,1,control,4
iq,2008,31,5,control,1
iq,2008,32,2,control,7
iq,2008,33,5,control,6
iq,2008,34,5,control,4
iq,2008,35,5,control,1
iq,2008,36,9,control,2
iq,2008,37,17,control,0
iq,2008,38,19,control,5
iq,2008,39,25,control,2
iq,2008,40,45,control,9
iq,2008,41,34,control,5
iq,2008,42,63,control,11
iq,2008,43,44,control,6
iq,2008,44,50,control,6
iq,2008,45,35,control,10
iq,2008,46,16,control,11
iq,2008,47,16,control,11
iq,2008,48,13,control,15
iq,2008,49,9,control,14
iq,2008,50,15,control,13
iq,2008,51,4,control,10
iq,2008,52,0,control,13
iq,2009,1,1,control,16
iq,2009,2,10,control,12
iq,2009,3,11,control,14
iq,2009,4,29,control,15
iq,2009,5,35,control,13
iq,2009,6,30,control,16
iq,2009,7,20,control,15
iq,2009,8,21,control,17
iq,2009,9,12,control,18
iq,2009,10,9,control,15
iq,2009,11,11,control,16
iq,2009,12,9,control,17
iq,2009,13,5,control,16
iq,2009,14,11,control,19
iq,2009,15,3,control,16
iq,2009,16,5,control,20
iq,2009,17,5,control,18
iq,2009,18,4,control,16
iq,2009,19,4,control,17
iq,2009,20,1,control,16
iq,2009,21,0,control,12
iq,2009,22,2,control,18
iq,2009,23,3,control,16
iq,2009,24,3,control,12
iq,2009,25,5,control,10
iq,2009,26,2,control,8
iq,2009,27,1,control,12
iq,2009,28,2,control,10
iq,2009,29,0,control,9
iq,2009,30,0,control,9
iq,2009,31,3,control,9
iq,2009,32,5,control,7
iq,2009,33,5,control,8
iq,2009,34,7,control,11
iq,2009,35,5,control,7
iq,2009,36,2,control,8
iq,2009,37,2,control,8
iq,2009,38,2,control,7
iq,2009,39,0,control,9
iq,2009,40,2,control,6
iq,2009,41,1,control,8
iq,2009,42,1,control,6
iq,2009,43,2,control,8
iq,2009,44,2,control,10
iq,2009,45,3,control,10
iq,2009,46,9,control,11
iq,2009,47,5,control,11
iq,2009,48,5,control,15
iq,2009,49,4,control,18
iq,2009,50,4,control,16
iq,2009,51,1,control,12
iq,2009,52,0,control,9
iq,2010,53,0,control,12
iq,2010,1,10,control,13
iq,2010,2,9,control,10
iq,2010,3,17,control,12
iq,2010,4,16,control,14
iq,2010,5,11,control,9
iq,2010,6,12,control,10
iq,2010,7,19,control,10
iq,2010,8,15,control,12
iq,2010,9,12,control,16
iq,2010,10,12,control,13
iq,2010,11,16,control,15
iq,2010,12,9,control,13
iq,2010,13,4,control,16
iq,2010,14,9,control,15
iq,2010,15,6,control,12
iq,2010,16,8,control,11
iq,2010,17,4,control,14
iq,2010,18,2,control,13
iq,2010,19,7,control,16
iq,2010,20,6,control,14
iq,2010,21,5,control,15
iq,2010,22,8,control,13
iq,2010,23,1,control,15
iq,2010,24,1,control,8
iq,2010,25,4,control,7
iq,2007,27,3,candidate,1
iq,2007,28,4,candidate,1
iq,2007,29,1,candidate,0
iq,2007,30,8,candidate,0
iq,2007,31,5,candidate,0
iq,2007,32,3,candidate,0
iq,2007,33,2,candidate,0
iq,2007,34,7,candidate,0
iq,2007,35,1,candidate,0
iq,2007,36,6,candidate,1
iq,2007,37,7,candidate,0
iq,2007,38,5,candidate,0
iq,2007,39,2,candidate,1
iq,2007,40,6,candidate,0
iq,2007,41,11,candidate,3
iq,2007,42,6,candidate,1
iq,2007,43,3,candidate,3
iq,2007,44,11,candidate,2
iq,2007,45,11,candidate,1
iq,2007,46,5,candidate,5
iq,2007,47,4,candidate,7
iq,2007,48,9,candidate,9
iq,2007,49,23,candidate,11
iq,2007,50,28,candidate,9
iq,2007,51,26,candidate,10
iq,2007,52,7,candidate,11
iq,2008,1,29,candidate,15
iq,2008,2,58,candidate,14
iq,2008,3,26,candidate,14
iq,2008,4,38,candidate,14
iq,2008,5,35,candidate,13
iq,2008,6,37,candidate,11
iq,2008,7,20,candidate,8
iq,2008,8,29,candidate,7
iq,2008,9,25,candidate,11
iq,2008,10,23,candidate,9
iq,2008,11,9,candidate,4
iq,2008,12,3,candidate,9
iq,2008,13,6,candidate,8
iq,2008,14,6,candidate,7
iq,2008,15,3,candidate,8
iq,2008,16,1,candidate,7
iq,2008,17,3,candidate,11
iq,2008,18,1,candidate,7
iq,2008,19,1,candidate,4
iq,2008,20,0,candidate,5
iq,2008,21,2,candidate,4
iq,2008,22,1,candidate,4
iq,2008,23,1,candidate,3
iq,2008,24,0,candidate,2
iq,2008,25,0,candidate,1
iq,2008,26,1,candidate,0
iq,2008,27,0,candidate,4
iq,2008,28,3,candidate,4
iq,2008,29,3,candidate,3
iq,2008,30,1,candidate,3
iq,2008,31,5,candidate,3
iq,2008,32,2,candidate,5
iq,2008,33,5,candidate,3
iq,2008,34,5,candidate,2
iq,2008,35,5,candidate,0
iq,2008,36,9,candidate,1
iq,2008,37,17,candidate,0
iq,2008,38,19,candidate,1
iq,2008,39,25,candidate,1
iq,2008,40,45,candidate,4
iq,2008,41,34,candidate,2
iq,2008,42,63,candidate,5
iq,2008,43,44,candidate,4
iq,2008,44,50,candidate,4
iq,2008,45,35,candidate,9
iq,2008,46,16,candidate,10
iq,2008,47,16,candidate,11
iq,2008,48,13,candidate,13
iq,2008,49,9,candidate,13
iq,2008,50,15,candidate,11
iq,2008,51,4,candidate,9
iq,2008,52,0,candidate,12
iq,2009,1,1,candidate,14
iq,2009,2,10,candidate,12
iq,2009,3,11,candidate,12
iq,2009,4,29,candidate,12
iq,2009,5,35,candidate,13
iq,2009,6,30,candidate,14
iq,2009,7,20,candidate,13
iq,2009,8,21,candidate,14
iq,2009,9,12,candidate,16
iq,2009,10,9,candidate,15
iq,2009,11,11,candidate,14
iq,2009,12,9,candidate,15
iq,2009,13,5,candidate,14
iq,2009,14,11,candidate,16
iq,2009,15,3,candidate,14
iq,2009,16,5,candidate,16
iq,2009,17,5,candidate,14
iq,2009,18,4,candidate,13
iq,2009,19,4,candidate,13
iq,2009,20,1,candidate,13
iq,2009,21,0,candidate,12
iq,2009,22,2,candidate,15
iq,2009,23,3,candidate,14
iq,2009,24,3,candidate,10
iq,2009,25,5,candidate,9
iq,2009,26,2,candidate,9
iq,2009,27,1,candidate,10
iq,2009,28,2,candidate,9
iq,2009,29,0,candidate,9
iq,2009,30,0,candidate,7
iq,2009,31,3,candidate,9
iq,2009,32,5,candidate,7
iq,2009,33,5,candidate,8
iq,2009,34,7,candidate,10
iq,2009,35,5,candidate,7
iq,2009,36,2,candidate,6
iq,2009,37,2,candidate,5
iq,2009,38,2,candidate,4
iq,2009,39,0,candidate,5
iq,2009,40,2,candidate,4
iq,2009,41,1,candidate,5
iq,2009,42,1,candidate,4
iq,2009,43,2,candidate,6
iq,2009,44,2,candidate,6
iq,2009,45,3,candidate,7
iq,2009,46,9,candidate,10
iq,2009,47,5,candidate,10
iq,2009,48,5,candidate,12
iq,2009,49,4,candidate,13
iq,2009,50,4,candidate,13
iq,2009,51,1,candidate,11
iq,2009,52,0,candidate,9
iq,2010,53,0,candidate,9
iq,2010,1,10,candidate,10
iq,2010,2,9,candidate,9
iq,2010,3,17,candidate,10
iq,2010,4,16,candidate,10
iq,2010,5,11,candidate,8
iq,2010,6,12,candidate,9
iq,2010,7,19,candidate,9
iq,2010,8,15,candidate,10
iq,2010,9,12,candidate,14
iq,2010,10,12,candidate,11
iq,2010,11,16,candidate,13
iq,2010,12,9,candidate,11
iq,2010,13,4,candidate,11
iq,2010,14,9,candidate,12
iq,2010,15,6,candidate,10
iq,2010,16,8,candidate,9
iq,2010,17,4,candidate,11
iq,2010,18,2,candidate,10
iq,2010,19,7,candidate,13
iq,2010,20,6,candidate,11
iq,2010,21,5,candidate,11
iq,2010,22,8,candidate,10
iq,2010,23,1,candidate,10
iq,2010,24,1,candidate,9
iq,2010,25,4,candidate,7
