city,fold,candidate,mae,start,end
sj,1,control,36.46153846153846,2000-04-29,2001-04-23
sj,1,improved_mean,34.51923076923077,2000-04-29,2001-04-23
sj,1,improved_median,34.11538461538461,2000-04-29,2001-04-23
sj,1,improved_snapshots,34.94230769230769,2000-04-29,2001-04-23
sj,1,tuned_mean,35.15384615384615,2000-04-29,2001-04-23
sj,1,tuned_median,34.82692307692308,2000-04-29,2001-04-23
sj,1,tuned_snapshots,34.51923076923077,2000-04-29,2001-04-23
sj,1,mixed_mean,34.92307692307692,2000-04-29,2001-04-23
sj,1,mixed_snapshots,34.78846153846154,2000-04-29,2001-04-23
sj,2,control,41.92307692307692,2001-04-30,2002-04-23
sj,2,improved_mean,42.01923076923077,2001-04-30,2002-04-23
sj,2,improved_median,42.34615384615385,2001-04-30,2002-04-23
sj,2,improved_snapshots,39.05769230769231,2001-04-30,2002-04-23
sj,2,tuned_mean,34.65384615384615,2001-04-30,2002-04-23
sj,2,tuned_median,34.34615384615385,2001-04-30,2002-04-23
sj,2,tuned_snapshots,34.78846153846154,2001-04-30,2002-04-23
sj,2,mixed_mean,38.25,2001-04-30,2002-04-23
sj,2,mixed_snapshots,36.88461538461539,2001-04-30,2002-04-23
sj,3,control,25.826923076923077,2002-04-30,2003-04-23
sj,3,improved_mean,24.576923076923077,2002-04-30,2003-04-23
sj,3,improved_median,24.75,2002-04-30,2003-04-23
sj,3,improved_snapshots,24.0,2002-04-30,2003-04-23
sj,3,tuned_mean,23.634615384615383,2002-04-30,2003-04-23
sj,3,tuned_median,23.307692307692307,2002-04-30,2003-04-23
sj,3,tuned_snapshots,23.846153846153847,2002-04-30,2003-04-23
sj,3,mixed_mean,24.076923076923077,2002-04-30,2003-04-23
sj,3,mixed_snapshots,23.923076923076923,2002-04-30,2003-04-23
iq,1,control,11.98076923076923,2004-07-01,2005-06-25
iq,1,improved_mean,11.711538461538462,2004-07-01,2005-06-25
iq,1,improved_median,11.73076923076923,2004-07-01,2005-06-25
iq,1,improved_snapshots,11.634615384615385,2004-07-01,2005-06-25
iq,1,tuned_mean,11.442307692307692,2004-07-01,2005-06-25
iq,1,tuned_median,11.346153846153847,2004-07-01,2005-06-25
iq,1,tuned_snapshots,11.326923076923077,2004-07-01,2005-06-25
iq,1,mixed_mean,11.576923076923077,2004-07-01,2005-06-25
iq,1,mixed_snapshots,11.48076923076923,2004-07-01,2005-06-25
iq,2,control,6.173076923076923,2005-07-02,2006-06-25
iq,2,improved_mean,5.923076923076923,2005-07-02,2006-06-25
iq,2,improved_median,5.9423076923076925,2005-07-02,2006-06-25
iq,2,improved_snapshots,5.961538461538462,2005-07-02,2006-06-25
iq,2,tuned_mean,5.961538461538462,2005-07-02,2006-06-25
iq,2,tuned_median,5.923076923076923,2005-07-02,2006-06-25
iq,2,tuned_snapshots,5.923076923076923,2005-07-02,2006-06-25
iq,2,mixed_mean,6.0,2005-07-02,2006-06-25
iq,2,mixed_snapshots,5.903846153846154,2005-07-02,2006-06-25
iq,3,control,5.596153846153846,2006-07-02,2007-06-25
iq,3,improved_mean,5.288461538461538,2006-07-02,2007-06-25
iq,3,improved_median,5.173076923076923,2006-07-02,2007-06-25
iq,3,improved_snapshots,5.0576923076923075,2006-07-02,2007-06-25
iq,3,tuned_mean,5.019230769230769,2006-07-02,2007-06-25
iq,3,tuned_median,5.019230769230769,2006-07-02,2007-06-25
iq,3,tuned_snapshots,4.923076923076923,2006-07-02,2007-06-25
iq,3,mixed_mean,5.1923076923076925,2006-07-02,2007-06-25
iq,3,mixed_snapshots,4.9423076923076925,2006-07-02,2007-06-25
