candidate,mean,std,max
tuned_median,30.826923076923077,6.51628024903961,34.82692307692308
tuned_snapshots,31.051282051282055,6.241275962575733,34.78846153846154
tuned_mean,31.147435897435898,6.511094688559868,35.15384615384615
mixed_snapshots,31.865384615384617,6.957632776034813,36.88461538461539
mixed_mean,32.416666666666664,7.411517836917266,38.25
improved_snapshots,32.666666666666664,7.782508012618388,39.05769230769231
improved_mean,33.705128205128204,8.74960551378991,42.01923076923077
improved_median,33.73717948717948,8.804171561460462,42.34615384615385
control,34.73717948717948,8.185450663470068,41.92307692307692
