city,model,n,mae,bias,outbreak_threshold,outbreak_mae,outbreak_n
sj,city_median,260,17.95769230769231,0.4576923076923077,73.0,81.89473684210526,19.0
sj,reference_forest,260,16.265384615384615,10.411538461538461,73.0,30.526315789473685,19.0
sj,seasonal_median,260,16.630769230769232,2.276923076923077,73.0,72.6842105263158,19.0
sj,selected,260,16.630769230769232,2.276923076923077,73.0,72.6842105263158,19.0
iq,city_median,156,7.6923076923076925,-5.948717948717949,16.0,25.21212121212121,33.0
iq,lgb_regression_l1_l7_n50,156,7.185897435897436,-4.608974358974359,16.0,23.181818181818183,33.0
iq,reference_forest,156,7.32051282051282,-4.217948717948718,16.0,21.939393939393938,33.0
iq,seasonal_median,156,7.339743589743589,-5.737179487179487,16.0,24.181818181818183,33.0
iq,selected,156,7.185897435897436,-4.608974358974359,16.0,23.181818181818183,33.0
pooled,selected,416,13.088942307692308,-0.30528846153846156,,,
pooled,reference_forest,416,12.911057692307692,4.925480769230769,,,
pooled,city_median,416,14.108173076923077,-1.9447115384615385,,,
pooled,seasonal_median,416,13.146634615384615,-0.7283653846153846,,,
