city,year,weekofyear,week_start_date,total_cases,model,prediction
sj,2003,18,2003-04-30,5,city_median,23
sj,2003,19,2003-05-07,7,city_median,23
sj,2003,20,2003-05-14,7,city_median,23
sj,2003,21,2003-05-21,7,city_median,23
sj,2003,22,2003-05-28,7,city_median,23
sj,2003,23,2003-06-04,10,city_median,23
sj,2003,24,2003-06-11,13,city_median,23
sj,2003,25,2003-06-18,10,city_median,23
sj,2003,26,2003-06-25,14,city_median,23
sj,2003,27,2003-07-02,11,city_median,23
sj,2003,28,2003-07-09,20,city_median,23
sj,2003,29,2003-07-16,25,city_median,23
sj,2003,30,2003-07-23,17,city_median,23
sj,2003,31,2003-07-30,18,city_median,23
sj,2003,32,2003-08-06,25,city_median,23
sj,2003,33,2003-08-13,21,city_median,23
sj,2003,34,2003-08-20,31,city_median,23
sj,2003,35,2003-08-27,32,city_median,23
sj,2003,36,2003-09-03,26,city_median,23
sj,2003,37,2003-09-10,35,city_median,23
sj,2003,38,2003-09-17,28,city_median,23
sj,2003,39,2003-09-24,37,city_median,23
sj,2003,40,2003-10-01,41,city_median,23
sj,2003,41,2003-10-08,34,city_median,23
sj,2003,42,2003-10-15,30,city_median,23
sj,2003,43,2003-10-22,39,city_median,23
sj,2003,44,2003-10-29,39,city_median,23
sj,2003,45,2003-11-05,39,city_median,23
sj,2003,46,2003-11-12,34,city_median,23
sj,2003,47,2003-11-19,30,city_median,23
sj,2003,48,2003-11-26,37,city_median,23
sj,2003,49,2003-12-03,29,city_median,23
sj,2003,50,2003-12-10,26,city_median,23
sj,2003,51,2003-12-17,15,city_median,23
sj,2003,52,2003-12-24,22,city_median,23
sj,2004,1,2004-01-01,15,city_median,23
sj,2004,2,2004-01-08,20,city_median,23
sj,2004,3,2004-01-15,14,city_median,23
sj,2004,4,2004-01-22,10,city_median,23
sj,2004,5,2004-01-29,21,city_median,23
sj,2004,6,2004-02-05,14,city_median,23
sj,2004,7,2004-02-12,14,city_median,23
sj,2004,8,2004-02-19,9,city_median,23
sj,2004,9,2004-02-26,11,city_median,23
sj,2004,10,2004-03-04,5,city_median,23
sj,2004,11,2004-03-11,6,city_median,23
sj,2004,12,2004-03-18,7,city_median,23
sj,2004,13,2004-03-25,11,city_median,23
sj,2004,14,2004-04-01,4,city_median,23
sj,2004,15,2004-04-08,3,city_median,23
sj,2004,16,2004-04-15,2,city_median,23
sj,2004,17,2004-04-22,6,city_median,23
sj,2004,18,2004-04-29,10,city_median,23
sj,2004,19,2004-05-06,7,city_median,23
sj,2004,20,2004-05-13,5,city_median,23
sj,2004,21,2004-05-20,3,city_median,23
sj,2004,22,2004-05-27,12,city_median,23
sj,2004,23,2004-06-03,13,city_median,23
sj,2004,24,2004-06-10,10,city_median,23
sj,2004,25,2004-06-17,13,city_median,23
sj,2004,26,2004-06-24,13,city_median,23
sj,2004,27,2004-07-01,8,city_median,23
sj,2004,28,2004-07-08,21,city_median,23
sj,2004,29,2004-07-15,18,city_median,23
sj,2004,30,2004-07-22,8,city_median,23
sj,2004,31,2004-07-29,7,city_median,23
sj,2004,32,2004-08-05,20,city_median,23
sj,2004,33,2004-08-12,14,city_median,23
sj,2004,34,2004-08-19,14,city_median,23
sj,2004,35,2004-08-26,7,city_median,23
sj,2004,36,2004-09-02,14,city_median,23
sj,2004,37,2004-09-09,10,city_median,23
sj,2004,38,2004-09-16,13,city_median,23
sj,2004,39,2004-09-23,27,city_median,23
sj,2004,40,2004-09-30,13,city_median,23
sj,2004,41,2004-10-07,18,city_median,23
sj,2004,42,2004-10-14,16,city_median,23
sj,2004,43,2004-10-21,16,city_median,23
sj,2004,44,2004-10-28,20,city_median,23
sj,2004,45,2004-11-04,17,city_median,23
sj,2004,46,2004-11-11,4,city_median,23
sj,2004,47,2004-11-18,15,city_median,23
sj,2004,48,2004-11-25,8,city_median,23
sj,2004,49,2004-12-02,6,city_median,23
sj,2004,50,2004-12-09,12,city_median,23
sj,2004,51,2004-12-16,15,city_median,23
sj,2004,52,2004-12-23,11,city_median,23
sj,2005,53,2005-01-01,10,city_median,23
sj,2005,1,2005-01-08,15,city_median,23
sj,2005,2,2005-01-15,17,city_median,23
sj,2005,3,2005-01-22,7,city_median,23
sj,2005,4,2005-01-29,7,city_median,23
sj,2005,5,2005-02-05,8,city_median,23
sj,2005,6,2005-02-12,9,city_median,23
sj,2005,7,2005-02-19,12,city_median,23
sj,2005,8,2005-02-26,12,city_median,23
sj,2005,9,2005-03-05,5,city_median,23
sj,2005,10,2005-03-12,4,city_median,23
sj,2005,11,2005-03-19,11,city_median,23
sj,2005,12,2005-03-26,4,city_median,23
sj,2005,13,2005-04-02,5,city_median,23
sj,2005,14,2005-04-09,7,city_median,23
sj,2005,15,2005-04-16,1,city_median,23
sj,2005,16,2005-04-23,1,city_median,23
sj,2005,17,2005-04-30,4,city_median,23
sj,2005,18,2005-05-07,2,city_median,23
sj,2005,19,2005-05-14,6,city_median,23
sj,2005,20,2005-05-21,3,city_median,23
sj,2005,21,2005-05-28,4,city_median,23
sj,2005,22,2005-06-04,10,city_median,23
sj,2005,23,2005-06-11,12,city_median,23
sj,2005,24,2005-06-18,21,city_median,23
sj,2005,25,2005-06-25,26,city_median,23
sj,2005,26,2005-07-02,21,city_median,23
sj,2005,27,2005-07-09,30,city_median,23
sj,2005,28,2005-07-16,45,city_median,23
sj,2005,29,2005-07-23,56,city_median,23
sj,2005,30,2005-07-30,75,city_median,23
sj,2005,31,2005-08-06,83,city_median,23
sj,2005,32,2005-08-13,82,city_median,23
sj,2005,33,2005-08-20,126,city_median,23
sj,2005,34,2005-08-27,119,city_median,23
sj,2005,35,2005-09-03,137,city_median,23
sj,2005,36,2005-09-10,131,city_median,23
sj,2005,37,2005-09-17,112,city_median,23
sj,2005,38,2005-09-24,82,city_median,23
sj,2005,39,2005-10-01,73,city_median,23
sj,2005,40,2005-10-08,43,city_median,23
sj,2005,41,2005-10-15,55,city_median,23
sj,2005,42,2005-10-22,55,city_median,23
sj,2005,43,2005-10-29,53,city_median,23
sj,2005,44,2005-11-05,46,city_median,23
sj,2005,45,2005-11-12,43,city_median,23
sj,2005,46,2005-11-19,29,city_median,23
sj,2005,47,2005-11-26,22,city_median,23
sj,2005,48,2005-12-03,26,city_median,23
sj,2005,49,2005-12-10,13,city_median,23
sj,2005,50,2005-12-17,17,city_median,23
sj,2005,51,2005-12-24,8,city_median,23
sj,2006,52,2006-01-01,13,city_median,23
sj,2006,1,2006-01-08,10,city_median,23
sj,2006,2,2006-01-15,17,city_median,23
sj,2006,3,2006-01-22,19,city_median,23
sj,2006,4,2006-01-29,9,city_median,23
sj,2006,5,2006-02-05,9,city_median,23
sj,2006,6,2006-02-12,9,city_median,23
sj,2006,7,2006-02-19,3,city_median,23
sj,2006,8,2006-02-26,7,city_median,23
sj,2006,9,2006-03-05,7,city_median,23
sj,2006,10,2006-03-12,0,city_median,23
sj,2006,11,2006-03-19,2,city_median,23
sj,2006,12,2006-03-26,3,city_median,23
sj,2006,13,2006-04-02,3,city_median,23
sj,2006,14,2006-04-09,1,city_median,23
sj,2006,15,2006-04-16,3,city_median,23
sj,2006,16,2006-04-23,3,city_median,23
sj,2006,17,2006-04-30,3,city_median,23
sj,2006,18,2006-05-07,7,city_median,23
sj,2006,19,2006-05-14,3,city_median,23
sj,2006,20,2006-05-21,5,city_median,23
sj,2006,21,2006-05-28,11,city_median,23
sj,2006,22,2006-06-04,5,city_median,23
sj,2006,23,2006-06-11,5,city_median,23
sj,2006,24,2006-06-18,6,city_median,23
sj,2006,25,2006-06-25,6,city_median,23
sj,2006,26,2006-07-02,4,city_median,23
sj,2006,27,2006-07-09,4,city_median,23
sj,2006,28,2006-07-16,8,city_median,23
sj,2006,29,2006-07-23,14,city_median,23
sj,2006,30,2006-07-30,12,city_median,23
sj,2006,31,2006-08-06,16,city_median,23
sj,2006,32,2006-08-13,10,city_median,23
sj,2006,33,2006-08-20,16,city_median,23
sj,2006,34,2006-08-27,18,city_median,23
sj,2006,35,2006-09-03,15,city_median,23
sj,2006,36,2006-09-10,23,city_median,23
sj,2006,37,2006-09-17,17,city_median,23
sj,2006,38,2006-09-24,33,city_median,23
sj,2006,39,2006-10-01,15,city_median,23
sj,2006,40,2006-10-08,13,city_median,23
sj,2006,41,2006-10-15,11,city_median,23
sj,2006,42,2006-10-22,14,city_median,23
sj,2006,43,2006-10-29,17,city_median,23
sj,2006,44,2006-11-05,19,city_median,23
sj,2006,45,2006-11-12,20,city_median,23
sj,2006,46,2006-11-19,12,city_median,23
sj,2006,47,2006-11-26,21,city_median,23
sj,2006,48,2006-12-03,7,city_median,23
sj,2006,49,2006-12-10,19,city_median,23
sj,2006,50,2006-12-17,10,city_median,23
sj,2006,51,2006-12-24,13,city_median,23
sj,2007,1,2007-01-01,10,city_median,23
sj,2007,2,2007-01-08,8,city_median,23
sj,2007,3,2007-01-15,21,city_median,23
sj,2007,4,2007-01-22,11,city_median,23
sj,2007,5,2007-01-29,9,city_median,23
sj,2007,6,2007-02-05,14,city_median,23
sj,2007,7,2007-02-12,14,city_median,23
sj,2007,8,2007-02-19,15,city_median,23
sj,2007,9,2007-02-26,18,city_median,23
sj,2007,10,2007-03-05,16,city_median,23
sj,2007,11,2007-03-12,12,city_median,23
sj,2007,12,2007-03-19,20,city_median,23
sj,2007,13,2007-03-26,8,city_median,23
sj,2007,14,2007-04-02,3,city_median,23
sj,2007,15,2007-04-09,13,city_median,23
sj,2007,16,2007-04-16,4,city_median,23
sj,2007,17,2007-04-23,1,city_median,23
sj,2007,18,2007-04-30,10,city_median,23
sj,2007,19,2007-05-07,8,city_median,23
sj,2007,20,2007-05-14,13,city_median,23
sj,2007,21,2007-05-21,10,city_median,23
sj,2007,22,2007-05-28,21,city_median,23
sj,2007,23,2007-06-04,18,city_median,23
sj,2007,24,2007-06-11,21,city_median,23
sj,2007,25,2007-06-18,34,city_median,23
sj,2007,26,2007-06-25,25,city_median,23
sj,2007,27,2007-07-02,34,city_median,23
sj,2007,28,2007-07-09,33,city_median,23
sj,2007,29,2007-07-16,40,city_median,23
sj,2007,30,2007-07-23,42,city_median,23
sj,2007,31,2007-07-30,36,city_median,23
sj,2007,32,2007-08-06,72,city_median,23
sj,2007,33,2007-08-13,75,city_median,23
sj,2007,34,2007-08-20,76,city_median,23
sj,2007,35,2007-08-27,92,city_median,23
sj,2007,36,2007-09-03,71,city_median,23
sj,2007,37,2007-09-10,112,city_median,23
sj,2007,38,2007-09-17,106,city_median,23
sj,2007,39,2007-09-24,101,city_median,23
sj,2007,40,2007-10-01,170,city_median,23
sj,2007,41,2007-10-08,135,city_median,23
sj,2007,42,2007-10-15,106,city_median,23
sj,2007,43,2007-10-22,68,city_median,23
sj,2007,44,2007-10-29,48,city_median,23
sj,2007,45,2007-11-05,48,city_median,23
sj,2007,46,2007-11-12,26,city_median,23
sj,2007,47,2007-11-19,33,city_median,23
sj,2007,48,2007-11-26,29,city_median,23
sj,2007,49,2007-12-03,17,city_median,23
sj,2007,50,2007-12-10,12,city_median,23
sj,2007,51,2007-12-17,13,city_median,23
sj,2007,52,2007-12-24,17,city_median,23
sj,2008,1,2008-01-01,15,city_median,23
sj,2008,2,2008-01-08,14,city_median,23
sj,2008,3,2008-01-15,15,city_median,23
sj,2008,4,2008-01-22,10,city_median,23
sj,2008,5,2008-01-29,9,city_median,23
sj,2008,6,2008-02-05,2,city_median,23
sj,2008,7,2008-02-12,6,city_median,23
sj,2008,8,2008-02-19,8,city_median,23
sj,2008,9,2008-02-26,5,city_median,23
sj,2008,10,2008-03-04,1,city_median,23
sj,2008,11,2008-03-11,2,city_median,23
sj,2008,12,2008-03-18,3,city_median,23
sj,2008,13,2008-03-25,4,city_median,23
sj,2008,14,2008-04-01,3,city_median,23
sj,2008,15,2008-04-08,1,city_median,23
sj,2008,16,2008-04-15,3,city_median,23
sj,2008,17,2008-04-22,5,city_median,23
sj,2003,18,2003-04-30,5,reference_forest,8
sj,2003,19,2003-05-07,7,reference_forest,9
sj,2003,20,2003-05-14,7,reference_forest,8
sj,2003,21,2003-05-21,7,reference_forest,9
sj,2003,22,2003-05-28,7,reference_forest,10
sj,2003,23,2003-06-04,10,reference_forest,10
sj,2003,24,2003-06-11,13,reference_forest,9
sj,2003,25,2003-06-18,10,reference_forest,11
sj,2003,26,2003-06-25,14,reference_forest,11
sj,2003,27,2003-07-02,11,reference_forest,11
sj,2003,28,2003-07-09,20,reference_forest,10
sj,2003,29,2003-07-16,25,reference_forest,13
sj,2003,30,2003-07-23,17,reference_forest,12
sj,2003,31,2003-07-30,18,reference_forest,13
sj,2003,32,2003-08-06,25,reference_forest,15
sj,2003,33,2003-08-13,21,reference_forest,20
sj,2003,34,2003-08-20,31,reference_forest,13
sj,2003,35,2003-08-27,32,reference_forest,15
sj,2003,36,2003-09-03,26,reference_forest,26
sj,2003,37,2003-09-10,35,reference_forest,42
sj,2003,38,2003-09-17,28,reference_forest,41
sj,2003,39,2003-09-24,37,reference_forest,42
sj,2003,40,2003-10-01,41,reference_forest,44
sj,2003,41,2003-10-08,34,reference_forest,50
sj,2003,42,2003-10-15,30,reference_forest,48
sj,2003,43,2003-10-22,39,reference_forest,53
sj,2003,44,2003-10-29,39,reference_forest,54
sj,2003,45,2003-11-05,39,reference_forest,54
sj,2003,46,2003-11-12,34,reference_forest,44
sj,2003,47,2003-11-19,30,reference_forest,49
sj,2003,48,2003-11-26,37,reference_forest,52
sj,2003,49,2003-12-03,29,reference_forest,47
sj,2003,50,2003-12-10,26,reference_forest,41
sj,2003,51,2003-12-17,15,reference_forest,43
sj,2003,52,2003-12-24,22,reference_forest,41
sj,2004,1,2004-01-01,15,reference_forest,37
sj,2004,2,2004-01-08,20,reference_forest,51
sj,2004,3,2004-01-15,14,reference_forest,51
sj,2004,4,2004-01-22,10,reference_forest,47
sj,2004,5,2004-01-29,21,reference_forest,44
sj,2004,6,2004-02-05,14,reference_forest,32
sj,2004,7,2004-02-12,14,reference_forest,35
sj,2004,8,2004-02-19,9,reference_forest,34
sj,2004,9,2004-02-26,11,reference_forest,31
sj,2004,10,2004-03-04,5,reference_forest,25
sj,2004,11,2004-03-11,6,reference_forest,25
sj,2004,12,2004-03-18,7,reference_forest,23
sj,2004,13,2004-03-25,11,reference_forest,23
sj,2004,14,2004-04-01,4,reference_forest,15
sj,2004,15,2004-04-08,3,reference_forest,16
sj,2004,16,2004-04-15,2,reference_forest,16
sj,2004,17,2004-04-22,6,reference_forest,16
sj,2004,18,2004-04-29,10,reference_forest,7
sj,2004,19,2004-05-06,7,reference_forest,6
sj,2004,20,2004-05-13,5,reference_forest,6
sj,2004,21,2004-05-20,3,reference_forest,7
sj,2004,22,2004-05-27,12,reference_forest,7
sj,2004,23,2004-06-03,13,reference_forest,9
sj,2004,24,2004-06-10,10,reference_forest,10
sj,2004,25,2004-06-17,13,reference_forest,11
sj,2004,26,2004-06-24,13,reference_forest,14
sj,2004,27,2004-07-01,8,reference_forest,16
sj,2004,28,2004-07-08,21,reference_forest,20
sj,2004,29,2004-07-15,18,reference_forest,21
sj,2004,30,2004-07-22,8,reference_forest,29
sj,2004,31,2004-07-29,7,reference_forest,24
sj,2004,32,2004-08-05,20,reference_forest,28
sj,2004,33,2004-08-12,14,reference_forest,35
sj,2004,34,2004-08-19,14,reference_forest,31
sj,2004,35,2004-08-26,7,reference_forest,37
sj,2004,36,2004-09-02,14,reference_forest,35
sj,2004,37,2004-09-09,10,reference_forest,36
sj,2004,38,2004-09-16,13,reference_forest,43
sj,2004,39,2004-09-23,27,reference_forest,44
sj,2004,40,2004-09-30,13,reference_forest,64
sj,2004,41,2004-10-07,18,reference_forest,69
sj,2004,42,2004-10-14,16,reference_forest,65
sj,2004,43,2004-10-21,16,reference_forest,65
sj,2004,44,2004-10-28,20,reference_forest,54
sj,2004,45,2004-11-04,17,reference_forest,57
sj,2004,46,2004-11-11,4,reference_forest,60
sj,2004,47,2004-11-18,15,reference_forest,62
sj,2004,48,2004-11-25,8,reference_forest,58
sj,2004,49,2004-12-02,6,reference_forest,71
sj,2004,50,2004-12-09,12,reference_forest,52
sj,2004,51,2004-12-16,15,reference_forest,39
sj,2004,52,2004-12-23,11,reference_forest,31
sj,2005,53,2005-01-01,10,reference_forest,35
sj,2005,1,2005-01-08,15,reference_forest,51
sj,2005,2,2005-01-15,17,reference_forest,45
sj,2005,3,2005-01-22,7,reference_forest,46
sj,2005,4,2005-01-29,7,reference_forest,44
sj,2005,5,2005-02-05,8,reference_forest,36
sj,2005,6,2005-02-12,9,reference_forest,34
sj,2005,7,2005-02-19,12,reference_forest,34
sj,2005,8,2005-02-26,12,reference_forest,29
sj,2005,9,2005-03-05,5,reference_forest,22
sj,2005,10,2005-03-12,4,reference_forest,21
sj,2005,11,2005-03-19,11,reference_forest,19
sj,2005,12,2005-03-26,4,reference_forest,18
sj,2005,13,2005-04-02,5,reference_forest,12
sj,2005,14,2005-04-09,7,reference_forest,12
sj,2005,15,2005-04-16,1,reference_forest,13
sj,2005,16,2005-04-23,1,reference_forest,14
sj,2005,17,2005-04-30,4,reference_forest,7
sj,2005,18,2005-05-07,2,reference_forest,7
sj,2005,19,2005-05-14,6,reference_forest,6
sj,2005,20,2005-05-21,3,reference_forest,6
sj,2005,21,2005-05-28,4,reference_forest,10
sj,2005,22,2005-06-04,10,reference_forest,15
sj,2005,23,2005-06-11,12,reference_forest,24
sj,2005,24,2005-06-18,21,reference_forest,32
sj,2005,25,2005-06-25,26,reference_forest,44
sj,2005,26,2005-07-02,21,reference_forest,45
sj,2005,27,2005-07-09,30,reference_forest,56
sj,2005,28,2005-07-16,45,reference_forest,50
sj,2005,29,2005-07-23,56,reference_forest,52
sj,2005,30,2005-07-30,75,reference_forest,62
sj,2005,31,2005-08-06,83,reference_forest,72
sj,2005,32,2005-08-13,82,reference_forest,75
sj,2005,33,2005-08-20,126,reference_forest,71
sj,2005,34,2005-08-27,119,reference_forest,68
sj,2005,35,2005-09-03,137,reference_forest,77
sj,2005,36,2005-09-10,131,reference_forest,69
sj,2005,37,2005-09-17,112,reference_forest,79
sj,2005,38,2005-09-24,82,reference_forest,85
sj,2005,39,2005-10-01,73,reference_forest,94
sj,2005,40,2005-10-08,43,reference_forest,84
sj,2005,41,2005-10-15,55,reference_forest,80
sj,2005,42,2005-10-22,55,reference_forest,82
sj,2005,43,2005-10-29,53,reference_forest,85
sj,2005,44,2005-11-05,46,reference_forest,82
sj,2005,45,2005-11-12,43,reference_forest,70
sj,2005,46,2005-11-19,29,reference_forest,63
sj,2005,47,2005-11-26,22,reference_forest,61
sj,2005,48,2005-12-03,26,reference_forest,50
sj,2005,49,2005-12-10,13,reference_forest,46
sj,2005,50,2005-12-17,17,reference_forest,37
sj,2005,51,2005-12-24,8,reference_forest,31
sj,2006,52,2006-01-01,13,reference_forest,30
sj,2006,1,2006-01-08,10,reference_forest,27
sj,2006,2,2006-01-15,17,reference_forest,23
sj,2006,3,2006-01-22,19,reference_forest,19
sj,2006,4,2006-01-29,9,reference_forest,19
sj,2006,5,2006-02-05,9,reference_forest,17
sj,2006,6,2006-02-12,9,reference_forest,14
sj,2006,7,2006-02-19,3,reference_forest,12
sj,2006,8,2006-02-26,7,reference_forest,11
sj,2006,9,2006-03-05,7,reference_forest,10
sj,2006,10,2006-03-12,0,reference_forest,9
sj,2006,11,2006-03-19,2,reference_forest,9
sj,2006,12,2006-03-26,3,reference_forest,8
sj,2006,13,2006-04-02,3,reference_forest,8
sj,2006,14,2006-04-09,1,reference_forest,7
sj,2006,15,2006-04-16,3,reference_forest,7
sj,2006,16,2006-04-23,3,reference_forest,6
sj,2006,17,2006-04-30,3,reference_forest,6
sj,2006,18,2006-05-07,7,reference_forest,6
sj,2006,19,2006-05-14,3,reference_forest,5
sj,2006,20,2006-05-21,5,reference_forest,7
sj,2006,21,2006-05-28,11,reference_forest,8
sj,2006,22,2006-06-04,5,reference_forest,8
sj,2006,23,2006-06-11,5,reference_forest,9
sj,2006,24,2006-06-18,6,reference_forest,11
sj,2006,25,2006-06-25,6,reference_forest,11
sj,2006,26,2006-07-02,4,reference_forest,14
sj,2006,27,2006-07-09,4,reference_forest,25
sj,2006,28,2006-07-16,8,reference_forest,35
sj,2006,29,2006-07-23,14,reference_forest,43
sj,2006,30,2006-07-30,12,reference_forest,45
sj,2006,31,2006-08-06,16,reference_forest,42
sj,2006,32,2006-08-13,10,reference_forest,47
sj,2006,33,2006-08-20,16,reference_forest,54
sj,2006,34,2006-08-27,18,reference_forest,51
sj,2006,35,2006-09-03,15,reference_forest,53
sj,2006,36,2006-09-10,23,reference_forest,48
sj,2006,37,2006-09-17,17,reference_forest,44
sj,2006,38,2006-09-24,33,reference_forest,42
sj,2006,39,2006-10-01,15,reference_forest,37
sj,2006,40,2006-10-08,13,reference_forest,37
sj,2006,41,2006-10-15,11,reference_forest,36
sj,2006,42,2006-10-22,14,reference_forest,40
sj,2006,43,2006-10-29,17,reference_forest,37
sj,2006,44,2006-11-05,19,reference_forest,53
sj,2006,45,2006-11-12,20,reference_forest,49
sj,2006,46,2006-11-19,12,reference_forest,43
sj,2006,47,2006-11-26,21,reference_forest,33
sj,2006,48,2006-12-03,7,reference_forest,37
sj,2006,49,2006-12-10,19,reference_forest,22
sj,2006,50,2006-12-17,10,reference_forest,25
sj,2006,51,2006-12-24,13,reference_forest,24
sj,2007,1,2007-01-01,10,reference_forest,24
sj,2007,2,2007-01-08,8,reference_forest,17
sj,2007,3,2007-01-15,21,reference_forest,17
sj,2007,4,2007-01-22,11,reference_forest,17
sj,2007,5,2007-01-29,9,reference_forest,17
sj,2007,6,2007-02-05,14,reference_forest,14
sj,2007,7,2007-02-12,14,reference_forest,13
sj,2007,8,2007-02-19,15,reference_forest,11
sj,2007,9,2007-02-26,18,reference_forest,10
sj,2007,10,2007-03-05,16,reference_forest,9
sj,2007,11,2007-03-12,12,reference_forest,9
sj,2007,12,2007-03-19,20,reference_forest,8
sj,2007,13,2007-03-26,8,reference_forest,8
sj,2007,14,2007-04-02,3,reference_forest,7
sj,2007,15,2007-04-09,13,reference_forest,7
sj,2007,16,2007-04-16,4,reference_forest,7
sj,2007,17,2007-04-23,1,reference_forest,8
sj,2007,18,2007-04-30,10,reference_forest,8
sj,2007,19,2007-05-07,8,reference_forest,9
sj,2007,20,2007-05-14,13,reference_forest,10
sj,2007,21,2007-05-21,10,reference_forest,12
sj,2007,22,2007-05-28,21,reference_forest,12
sj,2007,23,2007-06-04,18,reference_forest,13
sj,2007,24,2007-06-11,21,reference_forest,13
sj,2007,25,2007-06-18,34,reference_forest,14
sj,2007,26,2007-06-25,25,reference_forest,18
sj,2007,27,2007-07-02,34,reference_forest,34
sj,2007,28,2007-07-09,33,reference_forest,55
sj,2007,29,2007-07-16,40,reference_forest,61
sj,2007,30,2007-07-23,42,reference_forest,65
sj,2007,31,2007-07-30,36,reference_forest,79
sj,2007,32,2007-08-06,72,reference_forest,92
sj,2007,33,2007-08-13,75,reference_forest,78
sj,2007,34,2007-08-20,76,reference_forest,51
sj,2007,35,2007-08-27,92,reference_forest,79
sj,2007,36,2007-09-03,71,reference_forest,87
sj,2007,37,2007-09-10,112,reference_forest,83
sj,2007,38,2007-09-17,106,reference_forest,88
sj,2007,39,2007-09-24,101,reference_forest,83
sj,2007,40,2007-10-01,170,reference_forest,83
sj,2007,41,2007-10-08,135,reference_forest,79
sj,2007,42,2007-10-15,106,reference_forest,91
sj,2007,43,2007-10-22,68,reference_forest,87
sj,2007,44,2007-10-29,48,reference_forest,80
sj,2007,45,2007-11-05,48,reference_forest,50
sj,2007,46,2007-11-12,26,reference_forest,47
sj,2007,47,2007-11-19,33,reference_forest,40
sj,2007,48,2007-11-26,29,reference_forest,35
sj,2007,49,2007-12-03,17,reference_forest,32
sj,2007,50,2007-12-10,12,reference_forest,33
sj,2007,51,2007-12-17,13,reference_forest,29
sj,2007,52,2007-12-24,17,reference_forest,25
sj,2008,1,2008-01-01,15,reference_forest,21
sj,2008,2,2008-01-08,14,reference_forest,20
sj,2008,3,2008-01-15,15,reference_forest,19
sj,2008,4,2008-01-22,10,reference_forest,16
sj,2008,5,2008-01-29,9,reference_forest,16
sj,2008,6,2008-02-05,2,reference_forest,15
sj,2008,7,2008-02-12,6,reference_forest,13
sj,2008,8,2008-02-19,8,reference_forest,11
sj,2008,9,2008-02-26,5,reference_forest,11
sj,2008,10,2008-03-04,1,reference_forest,10
sj,2008,11,2008-03-11,2,reference_forest,9
sj,2008,12,2008-03-18,3,reference_forest,9
sj,2008,13,2008-03-25,4,reference_forest,8
sj,2008,14,2008-04-01,3,reference_forest,7
sj,2008,15,2008-04-08,1,reference_forest,7
sj,2008,16,2008-04-15,3,reference_forest,6
sj,2008,17,2008-04-22,5,reference_forest,5
sj,2003,18,2003-04-30,5,seasonal_median,10
sj,2003,19,2003-05-07,7,seasonal_median,10
sj,2003,20,2003-05-14,7,seasonal_median,10
sj,2003,21,2003-05-21,7,seasonal_median,10
sj,2003,22,2003-05-28,7,seasonal_median,10
sj,2003,23,2003-06-04,10,seasonal_median,11
sj,2003,24,2003-06-11,13,seasonal_median,11
sj,2003,25,2003-06-18,10,seasonal_median,12
sj,2003,26,2003-06-25,14,seasonal_median,13
sj,2003,27,2003-07-02,11,seasonal_median,14
sj,2003,28,2003-07-09,20,seasonal_median,14
sj,2003,29,2003-07-16,25,seasonal_median,16
sj,2003,30,2003-07-23,17,seasonal_median,17
sj,2003,31,2003-07-30,18,seasonal_median,19
sj,2003,32,2003-08-06,25,seasonal_median,23
sj,2003,33,2003-08-13,21,seasonal_median,25
sj,2003,34,2003-08-20,31,seasonal_median,27
sj,2003,35,2003-08-27,32,seasonal_median,28
sj,2003,36,2003-09-03,26,seasonal_median,33
sj,2003,37,2003-09-10,35,seasonal_median,33
sj,2003,38,2003-09-17,28,seasonal_median,38
sj,2003,39,2003-09-24,37,seasonal_median,42
sj,2003,40,2003-10-01,41,seasonal_median,45
sj,2003,41,2003-10-08,34,seasonal_median,45
sj,2003,42,2003-10-15,30,seasonal_median,44
sj,2003,43,2003-10-22,39,seasonal_median,45
sj,2003,44,2003-10-29,39,seasonal_median,46
sj,2003,45,2003-11-05,39,seasonal_median,46
sj,2003,46,2003-11-12,34,seasonal_median,46
sj,2003,47,2003-11-19,30,seasonal_median,44
sj,2003,48,2003-11-26,37,seasonal_median,42
sj,2003,49,2003-12-03,29,seasonal_median,37
sj,2003,50,2003-12-10,26,seasonal_median,35
sj,2003,51,2003-12-17,15,seasonal_median,33
sj,2003,52,2003-12-24,22,seasonal_median,33
sj,2004,1,2004-01-01,15,seasonal_median,31
sj,2004,2,2004-01-08,20,seasonal_median,30
sj,2004,3,2004-01-15,14,seasonal_median,27
sj,2004,4,2004-01-22,10,seasonal_median,26
sj,2004,5,2004-01-29,21,seasonal_median,26
sj,2004,6,2004-02-05,14,seasonal_median,23
sj,2004,7,2004-02-12,14,seasonal_median,21
sj,2004,8,2004-02-19,9,seasonal_median,19
sj,2004,9,2004-02-26,11,seasonal_median,18
sj,2004,10,2004-03-04,5,seasonal_median,17
sj,2004,11,2004-03-11,6,seasonal_median,16
sj,2004,12,2004-03-18,7,seasonal_median,15
sj,2004,13,2004-03-25,11,seasonal_median,13
sj,2004,14,2004-04-01,4,seasonal_median,11
sj,2004,15,2004-04-08,3,seasonal_median,11
sj,2004,16,2004-04-15,2,seasonal_median,10
sj,2004,17,2004-04-22,6,seasonal_median,10
sj,2004,18,2004-04-29,10,seasonal_median,10
sj,2004,19,2004-05-06,7,seasonal_median,10
sj,2004,20,2004-05-13,5,seasonal_median,10
sj,2004,21,2004-05-20,3,seasonal_median,10
sj,2004,22,2004-05-27,12,seasonal_median,10
sj,2004,23,2004-06-03,13,seasonal_median,11
sj,2004,24,2004-06-10,10,seasonal_median,11
sj,2004,25,2004-06-17,13,seasonal_median,12
sj,2004,26,2004-06-24,13,seasonal_median,13
sj,2004,27,2004-07-01,8,seasonal_median,14
sj,2004,28,2004-07-08,21,seasonal_median,14
sj,2004,29,2004-07-15,18,seasonal_median,16
sj,2004,30,2004-07-22,8,seasonal_median,17
sj,2004,31,2004-07-29,7,seasonal_median,19
sj,2004,32,2004-08-05,20,seasonal_median,23
sj,2004,33,2004-08-12,14,seasonal_median,25
sj,2004,34,2004-08-19,14,seasonal_median,27
sj,2004,35,2004-08-26,7,seasonal_median,28
sj,2004,36,2004-09-02,14,seasonal_median,33
sj,2004,37,2004-09-09,10,seasonal_median,33
sj,2004,38,2004-09-16,13,seasonal_median,38
sj,2004,39,2004-09-23,27,seasonal_median,42
sj,2004,40,2004-09-30,13,seasonal_median,45
sj,2004,41,2004-10-07,18,seasonal_median,45
sj,2004,42,2004-10-14,16,seasonal_median,44
sj,2004,43,2004-10-21,16,seasonal_median,45
sj,2004,44,2004-10-28,20,seasonal_median,46
sj,2004,45,2004-11-04,17,seasonal_median,46
sj,2004,46,2004-11-11,4,seasonal_median,46
sj,2004,47,2004-11-18,15,seasonal_median,44
sj,2004,48,2004-11-25,8,seasonal_median,42
sj,2004,49,2004-12-02,6,seasonal_median,37
sj,2004,50,2004-12-09,12,seasonal_median,35
sj,2004,51,2004-12-16,15,seasonal_median,33
sj,2004,52,2004-12-23,11,seasonal_median,33
sj,2005,53,2005-01-01,10,seasonal_median,31
sj,2005,1,2005-01-08,15,seasonal_median,31
sj,2005,2,2005-01-15,17,seasonal_median,30
sj,2005,3,2005-01-22,7,seasonal_median,27
sj,2005,4,2005-01-29,7,seasonal_median,26
sj,2005,5,2005-02-05,8,seasonal_median,26
sj,2005,6,2005-02-12,9,seasonal_median,23
sj,2005,7,2005-02-19,12,seasonal_median,21
sj,2005,8,2005-02-26,12,seasonal_median,19
sj,2005,9,2005-03-05,5,seasonal_median,18
sj,2005,10,2005-03-12,4,seasonal_median,17
sj,2005,11,2005-03-19,11,seasonal_median,16
sj,2005,12,2005-03-26,4,seasonal_median,15
sj,2005,13,2005-04-02,5,seasonal_median,13
sj,2005,14,2005-04-09,7,seasonal_median,11
sj,2005,15,2005-04-16,1,seasonal_median,11
sj,2005,16,2005-04-23,1,seasonal_median,10
sj,2005,17,2005-04-30,4,seasonal_median,10
sj,2005,18,2005-05-07,2,seasonal_median,10
sj,2005,19,2005-05-14,6,seasonal_median,10
sj,2005,20,2005-05-21,3,seasonal_median,10
sj,2005,21,2005-05-28,4,seasonal_median,10
sj,2005,22,2005-06-04,10,seasonal_median,10
sj,2005,23,2005-06-11,12,seasonal_median,11
sj,2005,24,2005-06-18,21,seasonal_median,11
sj,2005,25,2005-06-25,26,seasonal_median,12
sj,2005,26,2005-07-02,21,seasonal_median,13
sj,2005,27,2005-07-09,30,seasonal_median,14
sj,2005,28,2005-07-16,45,seasonal_median,14
sj,2005,29,2005-07-23,56,seasonal_median,16
sj,2005,30,2005-07-30,75,seasonal_median,17
sj,2005,31,2005-08-06,83,seasonal_median,19
sj,2005,32,2005-08-13,82,seasonal_median,23
sj,2005,33,2005-08-20,126,seasonal_median,25
sj,2005,34,2005-08-27,119,seasonal_median,27
sj,2005,35,2005-09-03,137,seasonal_median,28
sj,2005,36,2005-09-10,131,seasonal_median,33
sj,2005,37,2005-09-17,112,seasonal_median,33
sj,2005,38,2005-09-24,82,seasonal_median,38
sj,2005,39,2005-10-01,73,seasonal_median,42
sj,2005,40,2005-10-08,43,seasonal_median,45
sj,2005,41,2005-10-15,55,seasonal_median,45
sj,2005,42,2005-10-22,55,seasonal_median,44
sj,2005,43,2005-10-29,53,seasonal_median,45
sj,2005,44,2005-11-05,46,seasonal_median,46
sj,2005,45,2005-11-12,43,seasonal_median,46
sj,2005,46,2005-11-19,29,seasonal_median,46
sj,2005,47,2005-11-26,22,seasonal_median,44
sj,2005,48,2005-12-03,26,seasonal_median,42
sj,2005,49,2005-12-10,13,seasonal_median,37
sj,2005,50,2005-12-17,17,seasonal_median,35
sj,2005,51,2005-12-24,8,seasonal_median,33
sj,2006,52,2006-01-01,13,seasonal_median,33
sj,2006,1,2006-01-08,10,seasonal_median,31
sj,2006,2,2006-01-15,17,seasonal_median,30
sj,2006,3,2006-01-22,19,seasonal_median,27
sj,2006,4,2006-01-29,9,seasonal_median,26
sj,2006,5,2006-02-05,9,seasonal_median,26
sj,2006,6,2006-02-12,9,seasonal_median,23
sj,2006,7,2006-02-19,3,seasonal_median,21
sj,2006,8,2006-02-26,7,seasonal_median,19
sj,2006,9,2006-03-05,7,seasonal_median,18
sj,2006,10,2006-03-12,0,seasonal_median,17
sj,2006,11,2006-03-19,2,seasonal_median,16
sj,2006,12,2006-03-26,3,seasonal_median,15
sj,2006,13,2006-04-02,3,seasonal_median,13
sj,2006,14,2006-04-09,1,seasonal_median,11
sj,2006,15,2006-04-16,3,seasonal_median,11
sj,2006,16,2006-04-23,3,seasonal_median,10
sj,2006,17,2006-04-30,3,seasonal_median,10
sj,2006,18,2006-05-07,7,seasonal_median,10
sj,2006,19,2006-05-14,3,seasonal_median,10
sj,2006,20,2006-05-21,5,seasonal_median,10
sj,2006,21,2006-05-28,11,seasonal_median,10
sj,2006,22,2006-06-04,5,seasonal_median,10
sj,2006,23,2006-06-11,5,seasonal_median,11
sj,2006,24,2006-06-18,6,seasonal_median,11
sj,2006,25,2006-06-25,6,seasonal_median,12
sj,2006,26,2006-07-02,4,seasonal_median,13
sj,2006,27,2006-07-09,4,seasonal_median,14
sj,2006,28,2006-07-16,8,seasonal_median,14
sj,2006,29,2006-07-23,14,seasonal_median,16
sj,2006,30,2006-07-30,12,seasonal_median,17
sj,2006,31,2006-08-06,16,seasonal_median,19
sj,2006,32,2006-08-13,10,seasonal_median,23
sj,2006,33,2006-08-20,16,seasonal_median,25
sj,2006,34,2006-08-27,18,seasonal_median,27
sj,2006,35,2006-09-03,15,seasonal_median,28
sj,2006,36,2006-09-10,23,seasonal_median,33
sj,2006,37,2006-09-17,17,seasonal_median,33
sj,2006,38,2006-09-24,33,seasonal_median,38
sj,2006,39,2006-10-01,15,seasonal_median,42
sj,2006,40,2006-10-08,13,seasonal_median,45
sj,2006,41,2006-10-15,11,seasonal_median,45
sj,2006,42,2006-10-22,14,seasonal_median,44
sj,2006,43,2006-10-29,17,seasonal_median,45
sj,2006,44,2006-11-05,19,seasonal_median,46
sj,2006,45,2006-11-12,20,seasonal_median,46
sj,2006,46,2006-11-19,12,seasonal_median,46
sj,2006,47,2006-11-26,21,seasonal_median,44
sj,2006,48,2006-12-03,7,seasonal_median,42
sj,2006,49,2006-12-10,19,seasonal_median,37
sj,2006,50,2006-12-17,10,seasonal_median,35
sj,2006,51,2006-12-24,13,seasonal_median,33
sj,2007,1,2007-01-01,10,seasonal_median,31
sj,2007,2,2007-01-08,8,seasonal_median,30
sj,2007,3,2007-01-15,21,seasonal_median,27
sj,2007,4,2007-01-22,11,seasonal_median,26
sj,2007,5,2007-01-29,9,seasonal_median,26
sj,2007,6,2007-02-05,14,seasonal_median,23
sj,2007,7,2007-02-12,14,seasonal_median,21
sj,2007,8,2007-02-19,15,seasonal_median,19
sj,2007,9,2007-02-26,18,seasonal_median,18
sj,2007,10,2007-03-05,16,seasonal_median,17
sj,2007,11,2007-03-12,12,seasonal_median,16
sj,2007,12,2007-03-19,20,seasonal_median,15
sj,2007,13,2007-03-26,8,seasonal_median,13
sj,2007,14,2007-04-02,3,seasonal_median,11
sj,2007,15,2007-04-09,13,seasonal_median,11
sj,2007,16,2007-04-16,4,seasonal_median,10
sj,2007,17,2007-04-23,1,seasonal_median,10
sj,2007,18,2007-04-30,10,seasonal_median,10
sj,2007,19,2007-05-07,8,seasonal_median,10
sj,2007,20,2007-05-14,13,seasonal_median,10
sj,2007,21,2007-05-21,10,seasonal_median,10
sj,2007,22,2007-05-28,21,seasonal_median,10
sj,2007,23,2007-06-04,18,seasonal_median,11
sj,2007,24,2007-06-11,21,seasonal_median,11
sj,2007,25,2007-06-18,34,seasonal_median,12
sj,2007,26,2007-06-25,25,seasonal_median,13
sj,2007,27,2007-07-02,34,seasonal_median,14
sj,2007,28,2007-07-09,33,seasonal_median,14
sj,2007,29,2007-07-16,40,seasonal_median,16
sj,2007,30,2007-07-23,42,seasonal_median,17
sj,2007,31,2007-07-30,36,seasonal_median,19
sj,2007,32,2007-08-06,72,seasonal_median,23
sj,2007,33,2007-08-13,75,seasonal_median,25
sj,2007,34,2007-08-20,76,seasonal_median,27
sj,2007,35,2007-08-27,92,seasonal_median,28
sj,2007,36,2007-09-03,71,seasonal_median,33
sj,2007,37,2007-09-10,112,seasonal_median,33
sj,2007,38,2007-09-17,106,seasonal_median,38
sj,2007,39,2007-09-24,101,seasonal_median,42
sj,2007,40,2007-10-01,170,seasonal_median,45
sj,2007,41,2007-10-08,135,seasonal_median,45
sj,2007,42,2007-10-15,106,seasonal_median,44
sj,2007,43,2007-10-22,68,seasonal_median,45
sj,2007,44,2007-10-29,48,seasonal_median,46
sj,2007,45,2007-11-05,48,seasonal_median,46
sj,2007,46,2007-11-12,26,seasonal_median,46
sj,2007,47,2007-11-19,33,seasonal_median,44
sj,2007,48,2007-11-26,29,seasonal_median,42
sj,2007,49,2007-12-03,17,seasonal_median,37
sj,2007,50,2007-12-10,12,seasonal_median,35
sj,2007,51,2007-12-17,13,seasonal_median,33
sj,2007,52,2007-12-24,17,seasonal_median,33
sj,2008,1,2008-01-01,15,seasonal_median,31
sj,2008,2,2008-01-08,14,seasonal_median,30
sj,2008,3,2008-01-15,15,seasonal_median,27
sj,2008,4,2008-01-22,10,seasonal_median,26
sj,2008,5,2008-01-29,9,seasonal_median,26
sj,2008,6,2008-02-05,2,seasonal_median,23
sj,2008,7,2008-02-12,6,seasonal_median,21
sj,2008,8,2008-02-19,8,seasonal_median,19
sj,2008,9,2008-02-26,5,seasonal_median,18
sj,2008,10,2008-03-04,1,seasonal_median,17
sj,2008,11,2008-03-11,2,seasonal_median,16
sj,2008,12,2008-03-18,3,seasonal_median,15
sj,2008,13,2008-03-25,4,seasonal_median,13
sj,2008,14,2008-04-01,3,seasonal_median,11
sj,2008,15,2008-04-08,1,seasonal_median,11
sj,2008,16,2008-04-15,3,seasonal_median,10
sj,2008,17,2008-04-22,5,seasonal_median,10
sj,2003,18,2003-04-30,5,selected,10
sj,2003,19,2003-05-07,7,selected,10
sj,2003,20,2003-05-14,7,selected,10
sj,2003,21,2003-05-21,7,selected,10
sj,2003,22,2003-05-28,7,selected,10
sj,2003,23,2003-06-04,10,selected,11
sj,2003,24,2003-06-11,13,selected,11
sj,2003,25,2003-06-18,10,selected,12
sj,2003,26,2003-06-25,14,selected,13
sj,2003,27,2003-07-02,11,selected,14
sj,2003,28,2003-07-09,20,selected,14
sj,2003,29,2003-07-16,25,selected,16
sj,2003,30,2003-07-23,17,selected,17
sj,2003,31,2003-07-30,18,selected,19
sj,2003,32,2003-08-06,25,selected,23
sj,2003,33,2003-08-13,21,selected,25
sj,2003,34,2003-08-20,31,selected,27
sj,2003,35,2003-08-27,32,selected,28
sj,2003,36,2003-09-03,26,selected,33
sj,2003,37,2003-09-10,35,selected,33
sj,2003,38,2003-09-17,28,selected,38
sj,2003,39,2003-09-24,37,selected,42
sj,2003,40,2003-10-01,41,selected,45
sj,2003,41,2003-10-08,34,selected,45
sj,2003,42,2003-10-15,30,selected,44
sj,2003,43,2003-10-22,39,selected,45
sj,2003,44,2003-10-29,39,selected,46
sj,2003,45,2003-11-05,39,selected,46
sj,2003,46,2003-11-12,34,selected,46
sj,2003,47,2003-11-19,30,selected,44
sj,2003,48,2003-11-26,37,selected,42
sj,2003,49,2003-12-03,29,selected,37
sj,2003,50,2003-12-10,26,selected,35
sj,2003,51,2003-12-17,15,selected,33
sj,2003,52,2003-12-24,22,selected,33
sj,2004,1,2004-01-01,15,selected,31
sj,2004,2,2004-01-08,20,selected,30
sj,2004,3,2004-01-15,14,selected,27
sj,2004,4,2004-01-22,10,selected,26
sj,2004,5,2004-01-29,21,selected,26
sj,2004,6,2004-02-05,14,selected,23
sj,2004,7,2004-02-12,14,selected,21
sj,2004,8,2004-02-19,9,selected,19
sj,2004,9,2004-02-26,11,selected,18
sj,2004,10,2004-03-04,5,selected,17
sj,2004,11,2004-03-11,6,selected,16
sj,2004,12,2004-03-18,7,selected,15
sj,2004,13,2004-03-25,11,selected,13
sj,2004,14,2004-04-01,4,selected,11
sj,2004,15,2004-04-08,3,selected,11
sj,2004,16,2004-04-15,2,selected,10
sj,2004,17,2004-04-22,6,selected,10
sj,2004,18,2004-04-29,10,selected,10
sj,2004,19,2004-05-06,7,selected,10
sj,2004,20,2004-05-13,5,selected,10
sj,2004,21,2004-05-20,3,selected,10
sj,2004,22,2004-05-27,12,selected,10
sj,2004,23,2004-06-03,13,selected,11
sj,2004,24,2004-06-10,10,selected,11
sj,2004,25,2004-06-17,13,selected,12
sj,2004,26,2004-06-24,13,selected,13
sj,2004,27,2004-07-01,8,selected,14
sj,2004,28,2004-07-08,21,selected,14
sj,2004,29,2004-07-15,18,selected,16
sj,2004,30,2004-07-22,8,selected,17
sj,2004,31,2004-07-29,7,selected,19
sj,2004,32,2004-08-05,20,selected,23
sj,2004,33,2004-08-12,14,selected,25
sj,2004,34,2004-08-19,14,selected,27
sj,2004,35,2004-08-26,7,selected,28
sj,2004,36,2004-09-02,14,selected,33
sj,2004,37,2004-09-09,10,selected,33
sj,2004,38,2004-09-16,13,selected,38
sj,2004,39,2004-09-23,27,selected,42
sj,2004,40,2004-09-30,13,selected,45
sj,2004,41,2004-10-07,18,selected,45
sj,2004,42,2004-10-14,16,selected,44
sj,2004,43,2004-10-21,16,selected,45
sj,2004,44,2004-10-28,20,selected,46
sj,2004,45,2004-11-04,17,selected,46
sj,2004,46,2004-11-11,4,selected,46
sj,2004,47,2004-11-18,15,selected,44
sj,2004,48,2004-11-25,8,selected,42
sj,2004,49,2004-12-02,6,selected,37
sj,2004,50,2004-12-09,12,selected,35
sj,2004,51,2004-12-16,15,selected,33
sj,2004,52,2004-12-23,11,selected,33
sj,2005,53,2005-01-01,10,selected,31
sj,2005,1,2005-01-08,15,selected,31
sj,2005,2,2005-01-15,17,selected,30
sj,2005,3,2005-01-22,7,selected,27
sj,2005,4,2005-01-29,7,selected,26
sj,2005,5,2005-02-05,8,selected,26
sj,2005,6,2005-02-12,9,selected,23
sj,2005,7,2005-02-19,12,selected,21
sj,2005,8,2005-02-26,12,selected,19
sj,2005,9,2005-03-05,5,selected,18
sj,2005,10,2005-03-12,4,selected,17
sj,2005,11,2005-03-19,11,selected,16
sj,2005,12,2005-03-26,4,selected,15
sj,2005,13,2005-04-02,5,selected,13
sj,2005,14,2005-04-09,7,selected,11
sj,2005,15,2005-04-16,1,selected,11
sj,2005,16,2005-04-23,1,selected,10
sj,2005,17,2005-04-30,4,selected,10
sj,2005,18,2005-05-07,2,selected,10
sj,2005,19,2005-05-14,6,selected,10
sj,2005,20,2005-05-21,3,selected,10
sj,2005,21,2005-05-28,4,selected,10
sj,2005,22,2005-06-04,10,selected,10
sj,2005,23,2005-06-11,12,selected,11
sj,2005,24,2005-06-18,21,selected,11
sj,2005,25,2005-06-25,26,selected,12
sj,2005,26,2005-07-02,21,selected,13
sj,2005,27,2005-07-09,30,selected,14
sj,2005,28,2005-07-16,45,selected,14
sj,2005,29,2005-07-23,56,selected,16
sj,2005,30,2005-07-30,75,selected,17
sj,2005,31,2005-08-06,83,selected,19
sj,2005,32,2005-08-13,82,selected,23
sj,2005,33,2005-08-20,126,selected,25
sj,2005,34,2005-08-27,119,selected,27
sj,2005,35,2005-09-03,137,selected,28
sj,2005,36,2005-09-10,131,selected,33
sj,2005,37,2005-09-17,112,selected,33
sj,2005,38,2005-09-24,82,selected,38
sj,2005,39,2005-10-01,73,selected,42
sj,2005,40,2005-10-08,43,selected,45
sj,2005,41,2005-10-15,55,selected,45
sj,2005,42,2005-10-22,55,selected,44
sj,2005,43,2005-10-29,53,selected,45
sj,2005,44,2005-11-05,46,selected,46
sj,2005,45,2005-11-12,43,selected,46
sj,2005,46,2005-11-19,29,selected,46
sj,2005,47,2005-11-26,22,selected,44
sj,2005,48,2005-12-03,26,selected,42
sj,2005,49,2005-12-10,13,selected,37
sj,2005,50,2005-12-17,17,selected,35
sj,2005,51,2005-12-24,8,selected,33
sj,2006,52,2006-01-01,13,selected,33
sj,2006,1,2006-01-08,10,selected,31
sj,2006,2,2006-01-15,17,selected,30
sj,2006,3,2006-01-22,19,selected,27
sj,2006,4,2006-01-29,9,selected,26
sj,2006,5,2006-02-05,9,selected,26
sj,2006,6,2006-02-12,9,selected,23
sj,2006,7,2006-02-19,3,selected,21
sj,2006,8,2006-02-26,7,selected,19
sj,2006,9,2006-03-05,7,selected,18
sj,2006,10,2006-03-12,0,selected,17
sj,2006,11,2006-03-19,2,selected,16
sj,2006,12,2006-03-26,3,selected,15
sj,2006,13,2006-04-02,3,selected,13
sj,2006,14,2006-04-09,1,selected,11
sj,2006,15,2006-04-16,3,selected,11
sj,2006,16,2006-04-23,3,selected,10
sj,2006,17,2006-04-30,3,selected,10
sj,2006,18,2006-05-07,7,selected,10
sj,2006,19,2006-05-14,3,selected,10
sj,2006,20,2006-05-21,5,selected,10
sj,2006,21,2006-05-28,11,selected,10
sj,2006,22,2006-06-04,5,selected,10
sj,2006,23,2006-06-11,5,selected,11
sj,2006,24,2006-06-18,6,selected,11
sj,2006,25,2006-06-25,6,selected,12
sj,2006,26,2006-07-02,4,selected,13
sj,2006,27,2006-07-09,4,selected,14
sj,2006,28,2006-07-16,8,selected,14
sj,2006,29,2006-07-23,14,selected,16
sj,2006,30,2006-07-30,12,selected,17
sj,2006,31,2006-08-06,16,selected,19
sj,2006,32,2006-08-13,10,selected,23
sj,2006,33,2006-08-20,16,selected,25
sj,2006,34,2006-08-27,18,selected,27
sj,2006,35,2006-09-03,15,selected,28
sj,2006,36,2006-09-10,23,selected,33
sj,2006,37,2006-09-17,17,selected,33
sj,2006,38,2006-09-24,33,selected,38
sj,2006,39,2006-10-01,15,selected,42
sj,2006,40,2006-10-08,13,selected,45
sj,2006,41,2006-10-15,11,selected,45
sj,2006,42,2006-10-22,14,selected,44
sj,2006,43,2006-10-29,17,selected,45
sj,2006,44,2006-11-05,19,selected,46
sj,2006,45,2006-11-12,20,selected,46
sj,2006,46,2006-11-19,12,selected,46
sj,2006,47,2006-11-26,21,selected,44
sj,2006,48,2006-12-03,7,selected,42
sj,2006,49,2006-12-10,19,selected,37
sj,2006,50,2006-12-17,10,selected,35
sj,2006,51,2006-12-24,13,selected,33
sj,2007,1,2007-01-01,10,selected,31
sj,2007,2,2007-01-08,8,selected,30
sj,2007,3,2007-01-15,21,selected,27
sj,2007,4,2007-01-22,11,selected,26
sj,2007,5,2007-01-29,9,selected,26
sj,2007,6,2007-02-05,14,selected,23
sj,2007,7,2007-02-12,14,selected,21
sj,2007,8,2007-02-19,15,selected,19
sj,2007,9,2007-02-26,18,selected,18
sj,2007,10,2007-03-05,16,selected,17
sj,2007,11,2007-03-12,12,selected,16
sj,2007,12,2007-03-19,20,selected,15
sj,2007,13,2007-03-26,8,selected,13
sj,2007,14,2007-04-02,3,selected,11
sj,2007,15,2007-04-09,13,selected,11
sj,2007,16,2007-04-16,4,selected,10
sj,2007,17,2007-04-23,1,selected,10
sj,2007,18,2007-04-30,10,selected,10
sj,2007,19,2007-05-07,8,selected,10
sj,2007,20,2007-05-14,13,selected,10
sj,2007,21,2007-05-21,10,selected,10
sj,2007,22,2007-05-28,21,selected,10
sj,2007,23,2007-06-04,18,selected,11
sj,2007,24,2007-06-11,21,selected,11
sj,2007,25,2007-06-18,34,selected,12
sj,2007,26,2007-06-25,25,selected,13
sj,2007,27,2007-07-02,34,selected,14
sj,2007,28,2007-07-09,33,selected,14
sj,2007,29,2007-07-16,40,selected,16
sj,2007,30,2007-07-23,42,selected,17
sj,2007,31,2007-07-30,36,selected,19
sj,2007,32,2007-08-06,72,selected,23
sj,2007,33,2007-08-13,75,selected,25
sj,2007,34,2007-08-20,76,selected,27
sj,2007,35,2007-08-27,92,selected,28
sj,2007,36,2007-09-03,71,selected,33
sj,2007,37,2007-09-10,112,selected,33
sj,2007,38,2007-09-17,106,selected,38
sj,2007,39,2007-09-24,101,selected,42
sj,2007,40,2007-10-01,170,selected,45
sj,2007,41,2007-10-08,135,selected,45
sj,2007,42,2007-10-15,106,selected,44
sj,2007,43,2007-10-22,68,selected,45
sj,2007,44,2007-10-29,48,selected,46
sj,2007,45,2007-11-05,48,selected,46
sj,2007,46,2007-11-12,26,selected,46
sj,2007,47,2007-11-19,33,selected,44
sj,2007,48,2007-11-26,29,selected,42
sj,2007,49,2007-12-03,17,selected,37
sj,2007,50,2007-12-10,12,selected,35
sj,2007,51,2007-12-17,13,selected,33
sj,2007,52,2007-12-24,17,selected,33
sj,2008,1,2008-01-01,15,selected,31
sj,2008,2,2008-01-08,14,selected,30
sj,2008,3,2008-01-15,15,selected,27
sj,2008,4,2008-01-22,10,selected,26
sj,2008,5,2008-01-29,9,selected,26
sj,2008,6,2008-02-05,2,selected,23
sj,2008,7,2008-02-12,6,selected,21
sj,2008,8,2008-02-19,8,selected,19
sj,2008,9,2008-02-26,5,selected,18
sj,2008,10,2008-03-04,1,selected,17
sj,2008,11,2008-03-11,2,selected,16
sj,2008,12,2008-03-18,3,selected,15
sj,2008,13,2008-03-25,4,selected,13
sj,2008,14,2008-04-01,3,selected,11
sj,2008,15,2008-04-08,1,selected,11
sj,2008,16,2008-04-15,3,selected,10
sj,2008,17,2008-04-22,5,selected,10
iq,2007,27,2007-07-02,3,city_median,4
iq,2007,28,2007-07-09,4,city_median,4
iq,2007,29,2007-07-16,1,city_median,4
iq,2007,30,2007-07-23,8,city_median,4
iq,2007,31,2007-07-30,5,city_median,4
iq,2007,32,2007-08-06,3,city_median,4
iq,2007,33,2007-08-13,2,city_median,4
iq,2007,34,2007-08-20,7,city_median,4
iq,2007,35,2007-08-27,1,city_median,4
iq,2007,36,2007-09-03,6,city_median,4
iq,2007,37,2007-09-10,7,city_median,4
iq,2007,38,2007-09-17,5,city_median,4
iq,2007,39,2007-09-24,2,city_median,4
iq,2007,40,2007-10-01,6,city_median,4
iq,2007,41,2007-10-08,11,city_median,4
iq,2007,42,2007-10-15,6,city_median,4
iq,2007,43,2007-10-22,3,city_median,4
iq,2007,44,2007-10-29,11,city_median,4
iq,2007,45,2007-11-05,11,city_median,4
iq,2007,46,2007-11-12,5,city_median,4
iq,2007,47,2007-11-19,4,city_median,4
iq,2007,48,2007-11-26,9,city_median,4
iq,2007,49,2007-12-03,23,city_median,4
iq,2007,50,2007-12-10,28,city_median,4
iq,2007,51,2007-12-17,26,city_median,4
iq,2007,52,2007-12-24,7,city_median,4
iq,2008,1,2008-01-01,29,city_median,4
iq,2008,2,2008-01-08,58,city_median,4
iq,2008,3,2008-01-15,26,city_median,4
iq,2008,4,2008-01-22,38,city_median,4
iq,2008,5,2008-01-29,35,city_median,4
iq,2008,6,2008-02-05,37,city_median,4
iq,2008,7,2008-02-12,20,city_median,4
iq,2008,8,2008-02-19,29,city_median,4
iq,2008,9,2008-02-26,25,city_median,4
iq,2008,10,2008-03-04,23,city_median,4
iq,2008,11,2008-03-11,9,city_median,4
iq,2008,12,2008-03-18,3,city_median,4
iq,2008,13,2008-03-25,6,city_median,4
iq,2008,14,2008-04-01,6,city_median,4
iq,2008,15,2008-04-08,3,city_median,4
iq,2008,16,2008-04-15,1,city_median,4
iq,2008,17,2008-04-22,3,city_median,4
iq,2008,18,2008-04-29,1,city_median,4
iq,2008,19,2008-05-06,1,city_median,4
iq,2008,20,2008-05-13,0,city_median,4
iq,2008,21,2008-05-20,2,city_median,4
iq,2008,22,2008-05-27,1,city_median,4
iq,2008,23,2008-06-03,1,city_median,4
iq,2008,24,2008-06-10,0,city_median,4
iq,2008,25,2008-06-17,0,city_median,4
iq,2008,26,2008-06-24,1,city_median,4
iq,2008,27,2008-07-01,0,city_median,4
iq,2008,28,2008-07-08,3,city_median,4
iq,2008,29,2008-07-15,3,city_median,4
iq,2008,30,2008-07-22,1,city_median,4
iq,2008,31,2008-07-29,5,city_median,4
iq,2008,32,2008-08-05,2,city_median,4
iq,2008,33,2008-08-12,5,city_median,4
iq,2008,34,2008-08-19,5,city_median,4
iq,2008,35,2008-08-26,5,city_median,4
iq,2008,36,2008-09-02,9,city_median,4
iq,2008,37,2008-09-09,17,city_median,4
iq,2008,38,2008-09-16,19,city_median,4
iq,2008,39,2008-09-23,25,city_median,4
iq,2008,40,2008-09-30,45,city_median,4
iq,2008,41,2008-10-07,34,city_median,4
iq,2008,42,2008-10-14,63,city_median,4
iq,2008,43,2008-10-21,44,city_median,4
iq,2008,44,2008-10-28,50,city_median,4
iq,2008,45,2008-11-04,35,city_median,4
iq,2008,46,2008-11-11,16,city_median,4
iq,2008,47,2008-11-18,16,city_median,4
iq,2008,48,2008-11-25,13,city_median,4
iq,2008,49,2008-12-02,9,city_median,4
iq,2008,50,2008-12-09,15,city_median,4
iq,2008,51,2008-12-16,4,city_median,4
iq,2008,52,2008-12-23,0,city_median,4
iq,2009,1,2009-01-01,1,city_median,4
iq,2009,2,2009-01-08,10,city_median,4
iq,2009,3,2009-01-15,11,city_median,4
iq,2009,4,2009-01-22,29,city_median,4
iq,2009,5,2009-01-29,35,city_median,4
iq,2009,6,2009-02-05,30,city_median,4
iq,2009,7,2009-02-12,20,city_median,4
iq,2009,8,2009-02-19,21,city_median,4
iq,2009,9,2009-02-26,12,city_median,4
iq,2009,10,2009-03-05,9,city_median,4
iq,2009,11,2009-03-12,11,city_median,4
iq,2009,12,2009-03-19,9,city_median,4
iq,2009,13,2009-03-26,5,city_median,4
iq,2009,14,2009-04-02,11,city_median,4
iq,2009,15,2009-04-09,3,city_median,4
iq,2009,16,2009-04-16,5,city_median,4
iq,2009,17,2009-04-23,5,city_median,4
iq,2009,18,2009-04-30,4,city_median,4
iq,2009,19,2009-05-07,4,city_median,4
iq,2009,20,2009-05-14,1,city_median,4
iq,2009,21,2009-05-21,0,city_median,4
iq,2009,22,2009-05-28,2,city_median,4
iq,2009,23,2009-06-04,3,city_median,4
iq,2009,24,2009-06-11,3,city_median,4
iq,2009,25,2009-06-18,5,city_median,4
iq,2009,26,2009-06-25,2,city_median,4
iq,2009,27,2009-07-02,1,city_median,4
iq,2009,28,2009-07-09,2,city_median,4
iq,2009,29,2009-07-16,0,city_median,4
iq,2009,30,2009-07-23,0,city_median,4
iq,2009,31,2009-07-30,3,city_median,4
iq,2009,32,2009-08-06,5,city_median,4
iq,2009,33,2009-08-13,5,city_median,4
iq,2009,34,2009-08-20,7,city_median,4
iq,2009,35,2009-08-27,5,city_median,4
iq,2009,36,2009-09-03,2,city_median,4
iq,2009,37,2009-09-10,2,city_median,4
iq,2009,38,2009-09-17,2,city_median,4
iq,2009,39,2009-09-24,0,city_median,4
iq,2009,40,2009-10-01,2,city_median,4
iq,2009,41,2009-10-08,1,city_median,4
iq,2009,42,2009-10-15,1,city_median,4
iq,2009,43,2009-10-22,2,city_median,4
iq,2009,44,2009-10-29,2,city_median,4
iq,2009,45,2009-11-05,3,city_median,4
iq,2009,46,2009-11-12,9,city_median,4
iq,2009,47,2009-11-19,5,city_median,4
iq,2009,48,2009-11-26,5,city_median,4
iq,2009,49,2009-12-03,4,city_median,4
iq,2009,50,2009-12-10,4,city_median,4
iq,2009,51,2009-12-17,1,city_median,4
iq,2009,52,2009-12-24,0,city_median,4
iq,2010,53,2010-01-01,0,city_median,4
iq,2010,1,2010-01-08,10,city_median,4
iq,2010,2,2010-01-15,9,city_median,4
iq,2010,3,2010-01-22,17,city_median,4
iq,2010,4,2010-01-29,16,city_median,4
iq,2010,5,2010-02-05,11,city_median,4
iq,2010,6,2010-02-12,12,city_median,4
iq,2010,7,2010-02-19,19,city_median,4
iq,2010,8,2010-02-26,15,city_median,4
iq,2010,9,2010-03-05,12,city_median,4
iq,2010,10,2010-03-12,12,city_median,4
iq,2010,11,2010-03-19,16,city_median,4
iq,2010,12,2010-03-26,9,city_median,4
iq,2010,13,2010-04-02,4,city_median,4
iq,2010,14,2010-04-09,9,city_median,4
iq,2010,15,2010-04-16,6,city_median,4
iq,2010,16,2010-04-23,8,city_median,4
iq,2010,17,2010-04-30,4,city_median,4
iq,2010,18,2010-05-07,2,city_median,4
iq,2010,19,2010-05-14,7,city_median,4
iq,2010,20,2010-05-21,6,city_median,4
iq,2010,21,2010-05-28,5,city_median,4
iq,2010,22,2010-06-04,8,city_median,4
iq,2010,23,2010-06-11,1,city_median,4
iq,2010,24,2010-06-18,1,city_median,4
iq,2010,25,2010-06-25,4,city_median,4
iq,2007,27,2007-07-02,3,lgb_regression_l1_l7_n50,3
iq,2007,28,2007-07-09,4,lgb_regression_l1_l7_n50,4
iq,2007,29,2007-07-16,1,lgb_regression_l1_l7_n50,2
iq,2007,30,2007-07-23,8,lgb_regression_l1_l7_n50,3
iq,2007,31,2007-07-30,5,lgb_regression_l1_l7_n50,3
iq,2007,32,2007-08-06,3,lgb_regression_l1_l7_n50,3
iq,2007,33,2007-08-13,2,lgb_regression_l1_l7_n50,2
iq,2007,34,2007-08-20,7,lgb_regression_l1_l7_n50,2
iq,2007,35,2007-08-27,1,lgb_regression_l1_l7_n50,2
iq,2007,36,2007-09-03,6,lgb_regression_l1_l7_n50,3
iq,2007,37,2007-09-10,7,lgb_regression_l1_l7_n50,3
iq,2007,38,2007-09-17,5,lgb_regression_l1_l7_n50,3
iq,2007,39,2007-09-24,2,lgb_regression_l1_l7_n50,3
iq,2007,40,2007-10-01,6,lgb_regression_l1_l7_n50,3
iq,2007,41,2007-10-08,11,lgb_regression_l1_l7_n50,4
iq,2007,42,2007-10-15,6,lgb_regression_l1_l7_n50,5
iq,2007,43,2007-10-22,3,lgb_regression_l1_l7_n50,4
iq,2007,44,2007-10-29,11,lgb_regression_l1_l7_n50,6
iq,2007,45,2007-11-05,11,lgb_regression_l1_l7_n50,7
iq,2007,46,2007-11-12,5,lgb_regression_l1_l7_n50,6
iq,2007,47,2007-11-19,4,lgb_regression_l1_l7_n50,6
iq,2007,48,2007-11-26,9,lgb_regression_l1_l7_n50,8
iq,2007,49,2007-12-03,23,lgb_regression_l1_l7_n50,8
iq,2007,50,2007-12-10,28,lgb_regression_l1_l7_n50,7
iq,2007,51,2007-12-17,26,lgb_regression_l1_l7_n50,7
iq,2007,52,2007-12-24,7,lgb_regression_l1_l7_n50,9
iq,2008,1,2008-01-01,29,lgb_regression_l1_l7_n50,7
iq,2008,2,2008-01-08,58,lgb_regression_l1_l7_n50,7
iq,2008,3,2008-01-15,26,lgb_regression_l1_l7_n50,7
iq,2008,4,2008-01-22,38,lgb_regression_l1_l7_n50,7
iq,2008,5,2008-01-29,35,lgb_regression_l1_l7_n50,7
iq,2008,6,2008-02-05,37,lgb_regression_l1_l7_n50,8
iq,2008,7,2008-02-12,20,lgb_regression_l1_l7_n50,9
iq,2008,8,2008-02-19,29,lgb_regression_l1_l7_n50,7
iq,2008,9,2008-02-26,25,lgb_regression_l1_l7_n50,8
iq,2008,10,2008-03-04,23,lgb_regression_l1_l7_n50,6
iq,2008,11,2008-03-11,9,lgb_regression_l1_l7_n50,7
iq,2008,12,2008-03-18,3,lgb_regression_l1_l7_n50,6
iq,2008,13,2008-03-25,6,lgb_regression_l1_l7_n50,5
iq,2008,14,2008-04-01,6,lgb_regression_l1_l7_n50,5
iq,2008,15,2008-04-08,3,lgb_regression_l1_l7_n50,7
iq,2008,16,2008-04-15,1,lgb_regression_l1_l7_n50,4
iq,2008,17,2008-04-22,3,lgb_regression_l1_l7_n50,7
iq,2008,18,2008-04-29,1,lgb_regression_l1_l7_n50,6
iq,2008,19,2008-05-06,1,lgb_regression_l1_l7_n50,6
iq,2008,20,2008-05-13,0,lgb_regression_l1_l7_n50,6
iq,2008,21,2008-05-20,2,lgb_regression_l1_l7_n50,4
iq,2008,22,2008-05-27,1,lgb_regression_l1_l7_n50,3
iq,2008,23,2008-06-03,1,lgb_regression_l1_l7_n50,4
iq,2008,24,2008-06-10,0,lgb_regression_l1_l7_n50,3
iq,2008,25,2008-06-17,0,lgb_regression_l1_l7_n50,3
iq,2008,26,2008-06-24,1,lgb_regression_l1_l7_n50,2
iq,2008,27,2008-07-01,0,lgb_regression_l1_l7_n50,3
iq,2008,28,2008-07-08,3,lgb_regression_l1_l7_n50,3
iq,2008,29,2008-07-15,3,lgb_regression_l1_l7_n50,3
iq,2008,30,2008-07-22,1,lgb_regression_l1_l7_n50,3
iq,2008,31,2008-07-29,5,lgb_regression_l1_l7_n50,4
iq,2008,32,2008-08-05,2,lgb_regression_l1_l7_n50,3
iq,2008,33,2008-08-12,5,lgb_regression_l1_l7_n50,3
iq,2008,34,2008-08-19,5,lgb_regression_l1_l7_n50,2
iq,2008,35,2008-08-26,5,lgb_regression_l1_l7_n50,2
iq,2008,36,2008-09-02,9,lgb_regression_l1_l7_n50,2
iq,2008,37,2008-09-09,17,lgb_regression_l1_l7_n50,2
iq,2008,38,2008-09-16,19,lgb_regression_l1_l7_n50,3
iq,2008,39,2008-09-23,25,lgb_regression_l1_l7_n50,4
iq,2008,40,2008-09-30,45,lgb_regression_l1_l7_n50,4
iq,2008,41,2008-10-07,34,lgb_regression_l1_l7_n50,4
iq,2008,42,2008-10-14,63,lgb_regression_l1_l7_n50,2
iq,2008,43,2008-10-21,44,lgb_regression_l1_l7_n50,3
iq,2008,44,2008-10-28,50,lgb_regression_l1_l7_n50,2
iq,2008,45,2008-11-04,35,lgb_regression_l1_l7_n50,3
iq,2008,46,2008-11-11,16,lgb_regression_l1_l7_n50,3
iq,2008,47,2008-11-18,16,lgb_regression_l1_l7_n50,5
iq,2008,48,2008-11-25,13,lgb_regression_l1_l7_n50,6
iq,2008,49,2008-12-02,9,lgb_regression_l1_l7_n50,7
iq,2008,50,2008-12-09,15,lgb_regression_l1_l7_n50,5
iq,2008,51,2008-12-16,4,lgb_regression_l1_l7_n50,6
iq,2008,52,2008-12-23,0,lgb_regression_l1_l7_n50,5
iq,2009,1,2009-01-01,1,lgb_regression_l1_l7_n50,5
iq,2009,2,2009-01-08,10,lgb_regression_l1_l7_n50,6
iq,2009,3,2009-01-15,11,lgb_regression_l1_l7_n50,7
iq,2009,4,2009-01-22,29,lgb_regression_l1_l7_n50,6
iq,2009,5,2009-01-29,35,lgb_regression_l1_l7_n50,8
iq,2009,6,2009-02-05,30,lgb_regression_l1_l7_n50,7
iq,2009,7,2009-02-12,20,lgb_regression_l1_l7_n50,8
iq,2009,8,2009-02-19,21,lgb_regression_l1_l7_n50,8
iq,2009,9,2009-02-26,12,lgb_regression_l1_l7_n50,8
iq,2009,10,2009-03-05,9,lgb_regression_l1_l7_n50,8
iq,2009,11,2009-03-12,11,lgb_regression_l1_l7_n50,7
iq,2009,12,2009-03-19,9,lgb_regression_l1_l7_n50,7
iq,2009,13,2009-03-26,5,lgb_regression_l1_l7_n50,6
iq,2009,14,2009-04-02,11,lgb_regression_l1_l7_n50,8
iq,2009,15,2009-04-09,3,lgb_regression_l1_l7_n50,6
iq,2009,16,2009-04-16,5,lgb_regression_l1_l7_n50,6
iq,2009,17,2009-04-23,5,lgb_regression_l1_l7_n50,8
iq,2009,18,2009-04-30,4,lgb_regression_l1_l7_n50,8
iq,2009,19,2009-05-07,4,lgb_regression_l1_l7_n50,7
iq,2009,20,2009-05-14,1,lgb_regression_l1_l7_n50,8
iq,2009,21,2009-05-21,0,lgb_regression_l1_l7_n50,6
iq,2009,22,2009-05-28,2,lgb_regression_l1_l7_n50,8
iq,2009,23,2009-06-04,3,lgb_regression_l1_l7_n50,6
iq,2009,24,2009-06-11,3,lgb_regression_l1_l7_n50,5
iq,2009,25,2009-06-18,5,lgb_regression_l1_l7_n50,4
iq,2009,26,2009-06-25,2,lgb_regression_l1_l7_n50,3
iq,2009,27,2009-07-02,1,lgb_regression_l1_l7_n50,3
iq,2009,28,2009-07-09,2,lgb_regression_l1_l7_n50,2
iq,2009,29,2009-07-16,0,lgb_regression_l1_l7_n50,2
iq,2009,30,2009-07-23,0,lgb_regression_l1_l7_n50,1
iq,2009,31,2009-07-30,3,lgb_regression_l1_l7_n50,1
iq,2009,32,2009-08-06,5,lgb_regression_l1_l7_n50,2
iq,2009,33,2009-08-13,5,lgb_regression_l1_l7_n50,2
iq,2009,34,2009-08-20,7,lgb_regression_l1_l7_n50,1
iq,2009,35,2009-08-27,5,lgb_regression_l1_l7_n50,4
iq,2009,36,2009-09-03,2,lgb_regression_l1_l7_n50,4
iq,2009,37,2009-09-10,2,lgb_regression_l1_l7_n50,3
iq,2009,38,2009-09-17,2,lgb_regression_l1_l7_n50,4
iq,2009,39,2009-09-24,0,lgb_regression_l1_l7_n50,3
iq,2009,40,2009-10-01,2,lgb_regression_l1_l7_n50,5
iq,2009,41,2009-10-08,1,lgb_regression_l1_l7_n50,5
iq,2009,42,2009-10-15,1,lgb_regression_l1_l7_n50,4
iq,2009,43,2009-10-22,2,lgb_regression_l1_l7_n50,5
iq,2009,44,2009-10-29,2,lgb_regression_l1_l7_n50,5
iq,2009,45,2009-11-05,3,lgb_regression_l1_l7_n50,6
iq,2009,46,2009-11-12,9,lgb_regression_l1_l7_n50,6
iq,2009,47,2009-11-19,5,lgb_regression_l1_l7_n50,5
iq,2009,48,2009-11-26,5,lgb_regression_l1_l7_n50,6
iq,2009,49,2009-12-03,4,lgb_regression_l1_l7_n50,6
iq,2009,50,2009-12-10,4,lgb_regression_l1_l7_n50,6
iq,2009,51,2009-12-17,1,lgb_regression_l1_l7_n50,7
iq,2009,52,2009-12-24,0,lgb_regression_l1_l7_n50,7
iq,2010,53,2010-01-01,0,lgb_regression_l1_l7_n50,8
iq,2010,1,2010-01-08,10,lgb_regression_l1_l7_n50,8
iq,2010,2,2010-01-15,9,lgb_regression_l1_l7_n50,9
iq,2010,3,2010-01-22,17,lgb_regression_l1_l7_n50,9
iq,2010,4,2010-01-29,16,lgb_regression_l1_l7_n50,8
iq,2010,5,2010-02-05,11,lgb_regression_l1_l7_n50,9
iq,2010,6,2010-02-12,12,lgb_regression_l1_l7_n50,7
iq,2010,7,2010-02-19,19,lgb_regression_l1_l7_n50,9
iq,2010,8,2010-02-26,15,lgb_regression_l1_l7_n50,7
iq,2010,9,2010-03-05,12,lgb_regression_l1_l7_n50,7
iq,2010,10,2010-03-12,12,lgb_regression_l1_l7_n50,8
iq,2010,11,2010-03-19,16,lgb_regression_l1_l7_n50,6
iq,2010,12,2010-03-26,9,lgb_regression_l1_l7_n50,7
iq,2010,13,2010-04-02,4,lgb_regression_l1_l7_n50,7
iq,2010,14,2010-04-09,9,lgb_regression_l1_l7_n50,6
iq,2010,15,2010-04-16,6,lgb_regression_l1_l7_n50,7
iq,2010,16,2010-04-23,8,lgb_regression_l1_l7_n50,6
iq,2010,17,2010-04-30,4,lgb_regression_l1_l7_n50,8
iq,2010,18,2010-05-07,2,lgb_regression_l1_l7_n50,7
iq,2010,19,2010-05-14,7,lgb_regression_l1_l7_n50,9
iq,2010,20,2010-05-21,6,lgb_regression_l1_l7_n50,7
iq,2010,21,2010-05-28,5,lgb_regression_l1_l7_n50,8
iq,2010,22,2010-06-04,8,lgb_regression_l1_l7_n50,8
iq,2010,23,2010-06-11,1,lgb_regression_l1_l7_n50,7
iq,2010,24,2010-06-18,1,lgb_regression_l1_l7_n50,7
iq,2010,25,2010-06-25,4,lgb_regression_l1_l7_n50,6
iq,2007,27,2007-07-02,3,reference_forest,2
iq,2007,28,2007-07-09,4,reference_forest,2
iq,2007,29,2007-07-16,1,reference_forest,2
iq,2007,30,2007-07-23,8,reference_forest,2
iq,2007,31,2007-07-30,5,reference_forest,2
iq,2007,32,2007-08-06,3,reference_forest,2
iq,2007,33,2007-08-13,2,reference_forest,2
iq,2007,34,2007-08-20,7,reference_forest,2
iq,2007,35,2007-08-27,1,reference_forest,2
iq,2007,36,2007-09-03,6,reference_forest,2
iq,2007,37,2007-09-10,7,reference_forest,2
iq,2007,38,2007-09-17,5,reference_forest,2
iq,2007,39,2007-09-24,2,reference_forest,3
iq,2007,40,2007-10-01,6,reference_forest,4
iq,2007,41,2007-10-08,11,reference_forest,4
iq,2007,42,2007-10-15,6,reference_forest,5
iq,2007,43,2007-10-22,3,reference_forest,5
iq,2007,44,2007-10-29,11,reference_forest,5
iq,2007,45,2007-11-05,11,reference_forest,7
iq,2007,46,2007-11-12,5,reference_forest,7
iq,2007,47,2007-11-19,4,reference_forest,7
iq,2007,48,2007-11-26,9,reference_forest,6
iq,2007,49,2007-12-03,23,reference_forest,7
iq,2007,50,2007-12-10,28,reference_forest,7
iq,2007,51,2007-12-17,26,reference_forest,10
iq,2007,52,2007-12-24,7,reference_forest,9
iq,2008,1,2008-01-01,29,reference_forest,8
iq,2008,2,2008-01-08,58,reference_forest,7
iq,2008,3,2008-01-15,26,reference_forest,8
iq,2008,4,2008-01-22,38,reference_forest,8
iq,2008,5,2008-01-29,35,reference_forest,8
iq,2008,6,2008-02-05,37,reference_forest,8
iq,2008,7,2008-02-12,20,reference_forest,9
iq,2008,8,2008-02-19,29,reference_forest,8
iq,2008,9,2008-02-26,25,reference_forest,8
iq,2008,10,2008-03-04,23,reference_forest,7
iq,2008,11,2008-03-11,9,reference_forest,7
iq,2008,12,2008-03-18,3,reference_forest,7
iq,2008,13,2008-03-25,6,reference_forest,7
iq,2008,14,2008-04-01,6,reference_forest,6
iq,2008,15,2008-04-08,3,reference_forest,8
iq,2008,16,2008-04-15,1,reference_forest,7
iq,2008,17,2008-04-22,3,reference_forest,7
iq,2008,18,2008-04-29,1,reference_forest,7
iq,2008,19,2008-05-06,1,reference_forest,7
iq,2008,20,2008-05-13,0,reference_forest,6
iq,2008,21,2008-05-20,2,reference_forest,5
iq,2008,22,2008-05-27,1,reference_forest,5
iq,2008,23,2008-06-03,1,reference_forest,5
iq,2008,24,2008-06-10,0,reference_forest,4
iq,2008,25,2008-06-17,0,reference_forest,5
iq,2008,26,2008-06-24,1,reference_forest,5
iq,2008,27,2008-07-01,0,reference_forest,5
iq,2008,28,2008-07-08,3,reference_forest,5
iq,2008,29,2008-07-15,3,reference_forest,5
iq,2008,30,2008-07-22,1,reference_forest,5
iq,2008,31,2008-07-29,5,reference_forest,6
iq,2008,32,2008-08-05,2,reference_forest,6
iq,2008,33,2008-08-12,5,reference_forest,6
iq,2008,34,2008-08-19,5,reference_forest,6
iq,2008,35,2008-08-26,5,reference_forest,5
iq,2008,36,2008-09-02,9,reference_forest,5
iq,2008,37,2008-09-09,17,reference_forest,6
iq,2008,38,2008-09-16,19,reference_forest,6
iq,2008,39,2008-09-23,25,reference_forest,7
iq,2008,40,2008-09-30,45,reference_forest,7
iq,2008,41,2008-10-07,34,reference_forest,6
iq,2008,42,2008-10-14,63,reference_forest,7
iq,2008,43,2008-10-21,44,reference_forest,8
iq,2008,44,2008-10-28,50,reference_forest,9
iq,2008,45,2008-11-04,35,reference_forest,7
iq,2008,46,2008-11-11,16,reference_forest,8
iq,2008,47,2008-11-18,16,reference_forest,7
iq,2008,48,2008-11-25,13,reference_forest,7
iq,2008,49,2008-12-02,9,reference_forest,6
iq,2008,50,2008-12-09,15,reference_forest,6
iq,2008,51,2008-12-16,4,reference_forest,6
iq,2008,52,2008-12-23,0,reference_forest,8
iq,2009,1,2009-01-01,1,reference_forest,9
iq,2009,2,2009-01-08,10,reference_forest,7
iq,2009,3,2009-01-15,11,reference_forest,7
iq,2009,4,2009-01-22,29,reference_forest,7
iq,2009,5,2009-01-29,35,reference_forest,7
iq,2009,6,2009-02-05,30,reference_forest,7
iq,2009,7,2009-02-12,20,reference_forest,7
iq,2009,8,2009-02-19,21,reference_forest,7
iq,2009,9,2009-02-26,12,reference_forest,7
iq,2009,10,2009-03-05,9,reference_forest,7
iq,2009,11,2009-03-12,11,reference_forest,7
iq,2009,12,2009-03-19,9,reference_forest,7
iq,2009,13,2009-03-26,5,reference_forest,7
iq,2009,14,2009-04-02,11,reference_forest,8
iq,2009,15,2009-04-09,3,reference_forest,8
iq,2009,16,2009-04-16,5,reference_forest,7
iq,2009,17,2009-04-23,5,reference_forest,8
iq,2009,18,2009-04-30,4,reference_forest,7
iq,2009,19,2009-05-07,4,reference_forest,7
iq,2009,20,2009-05-14,1,reference_forest,7
iq,2009,21,2009-05-21,0,reference_forest,7
iq,2009,22,2009-05-28,2,reference_forest,7
iq,2009,23,2009-06-04,3,reference_forest,7
iq,2009,24,2009-06-11,3,reference_forest,6
iq,2009,25,2009-06-18,5,reference_forest,4
iq,2009,26,2009-06-25,2,reference_forest,4
iq,2009,27,2009-07-02,1,reference_forest,3
iq,2009,28,2009-07-09,2,reference_forest,3
iq,2009,29,2009-07-16,0,reference_forest,3
iq,2009,30,2009-07-23,0,reference_forest,3
iq,2009,31,2009-07-30,3,reference_forest,3
iq,2009,32,2009-08-06,5,reference_forest,3
iq,2009,33,2009-08-13,5,reference_forest,2
iq,2009,34,2009-08-20,7,reference_forest,3
iq,2009,35,2009-08-27,5,reference_forest,3
iq,2009,36,2009-09-03,2,reference_forest,4
iq,2009,37,2009-09-10,2,reference_forest,4
iq,2009,38,2009-09-17,2,reference_forest,5
iq,2009,39,2009-09-24,0,reference_forest,4
iq,2009,40,2009-10-01,2,reference_forest,5
iq,2009,41,2009-10-08,1,reference_forest,6
iq,2009,42,2009-10-15,1,reference_forest,5
iq,2009,43,2009-10-22,2,reference_forest,5
iq,2009,44,2009-10-29,2,reference_forest,7
iq,2009,45,2009-11-05,3,reference_forest,6
iq,2009,46,2009-11-12,9,reference_forest,6
iq,2009,47,2009-11-19,5,reference_forest,5
iq,2009,48,2009-11-26,5,reference_forest,6
iq,2009,49,2009-12-03,4,reference_forest,7
iq,2009,50,2009-12-10,4,reference_forest,7
iq,2009,51,2009-12-17,1,reference_forest,6
iq,2009,52,2009-12-24,0,reference_forest,6
iq,2010,53,2010-01-01,0,reference_forest,8
iq,2010,1,2010-01-08,10,reference_forest,5
iq,2010,2,2010-01-15,9,reference_forest,5
iq,2010,3,2010-01-22,17,reference_forest,7
iq,2010,4,2010-01-29,16,reference_forest,6
iq,2010,5,2010-02-05,11,reference_forest,6
iq,2010,6,2010-02-12,12,reference_forest,6
iq,2010,7,2010-02-19,19,reference_forest,7
iq,2010,8,2010-02-26,15,reference_forest,6
iq,2010,9,2010-03-05,12,reference_forest,5
iq,2010,10,2010-03-12,12,reference_forest,5
iq,2010,11,2010-03-19,16,reference_forest,4
iq,2010,12,2010-03-26,9,reference_forest,5
iq,2010,13,2010-04-02,4,reference_forest,5
iq,2010,14,2010-04-09,9,reference_forest,4
iq,2010,15,2010-04-16,6,reference_forest,5
iq,2010,16,2010-04-23,8,reference_forest,4
iq,2010,17,2010-04-30,4,reference_forest,5
iq,2010,18,2010-05-07,2,reference_forest,4
iq,2010,19,2010-05-14,7,reference_forest,5
iq,2010,20,2010-05-21,6,reference_forest,6
iq,2010,21,2010-05-28,5,reference_forest,6
iq,2010,22,2010-06-04,8,reference_forest,6
iq,2010,23,2010-06-11,1,reference_forest,6
iq,2010,24,2010-06-18,1,reference_forest,6
iq,2010,25,2010-06-25,4,reference_forest,5
iq,2007,27,2007-07-02,3,seasonal_median,3
iq,2007,28,2007-07-09,4,seasonal_median,2
iq,2007,29,2007-07-16,1,seasonal_median,2
iq,2007,30,2007-07-23,8,seasonal_median,2
iq,2007,31,2007-07-30,5,seasonal_median,2
iq,2007,32,2007-08-06,3,seasonal_median,2
iq,2007,33,2007-08-13,2,seasonal_median,2
iq,2007,34,2007-08-20,7,seasonal_median,2
iq,2007,35,2007-08-27,1,seasonal_median,2
iq,2007,36,2007-09-03,6,seasonal_median,2
iq,2007,37,2007-09-10,7,seasonal_median,2
iq,2007,38,2007-09-17,5,seasonal_median,2
iq,2007,39,2007-09-24,2,seasonal_median,2
iq,2007,40,2007-10-01,6,seasonal_median,3
iq,2007,41,2007-10-08,11,seasonal_median,3
iq,2007,42,2007-10-15,6,seasonal_median,3
iq,2007,43,2007-10-22,3,seasonal_median,3
iq,2007,44,2007-10-29,11,seasonal_median,3
iq,2007,45,2007-11-05,11,seasonal_median,3
iq,2007,46,2007-11-12,5,seasonal_median,3
iq,2007,47,2007-11-19,4,seasonal_median,4
iq,2007,48,2007-11-26,9,seasonal_median,5
iq,2007,49,2007-12-03,23,seasonal_median,5
iq,2007,50,2007-12-10,28,seasonal_median,5
iq,2007,51,2007-12-17,26,seasonal_median,6
iq,2007,52,2007-12-24,7,seasonal_median,6
iq,2008,1,2008-01-01,29,seasonal_median,6
iq,2008,2,2008-01-08,58,seasonal_median,6
iq,2008,3,2008-01-15,26,seasonal_median,6
iq,2008,4,2008-01-22,38,seasonal_median,7
iq,2008,5,2008-01-29,35,seasonal_median,7
iq,2008,6,2008-02-05,37,seasonal_median,6
iq,2008,7,2008-02-12,20,seasonal_median,6
iq,2008,8,2008-02-19,29,seasonal_median,6
iq,2008,9,2008-02-26,25,seasonal_median,6
iq,2008,10,2008-03-04,23,seasonal_median,6
iq,2008,11,2008-03-11,9,seasonal_median,6
iq,2008,12,2008-03-18,3,seasonal_median,6
iq,2008,13,2008-03-25,6,seasonal_median,6
iq,2008,14,2008-04-01,6,seasonal_median,6
iq,2008,15,2008-04-08,3,seasonal_median,6
iq,2008,16,2008-04-15,1,seasonal_median,6
iq,2008,17,2008-04-22,3,seasonal_median,5
iq,2008,18,2008-04-29,1,seasonal_median,5
iq,2008,19,2008-05-06,1,seasonal_median,5
iq,2008,20,2008-05-13,0,seasonal_median,5
iq,2008,21,2008-05-20,2,seasonal_median,4
iq,2008,22,2008-05-27,1,seasonal_median,4
iq,2008,23,2008-06-03,1,seasonal_median,4
iq,2008,24,2008-06-10,0,seasonal_median,3
iq,2008,25,2008-06-17,0,seasonal_median,3
iq,2008,26,2008-06-24,1,seasonal_median,3
iq,2008,27,2008-07-01,0,seasonal_median,3
iq,2008,28,2008-07-08,3,seasonal_median,2
iq,2008,29,2008-07-15,3,seasonal_median,2
iq,2008,30,2008-07-22,1,seasonal_median,2
iq,2008,31,2008-07-29,5,seasonal_median,2
iq,2008,32,2008-08-05,2,seasonal_median,2
iq,2008,33,2008-08-12,5,seasonal_median,2
iq,2008,34,2008-08-19,5,seasonal_median,2
iq,2008,35,2008-08-26,5,seasonal_median,2
iq,2008,36,2008-09-02,9,seasonal_median,2
iq,2008,37,2008-09-09,17,seasonal_median,2
iq,2008,38,2008-09-16,19,seasonal_median,2
iq,2008,39,2008-09-23,25,seasonal_median,2
iq,2008,40,2008-09-30,45,seasonal_median,3
iq,2008,41,2008-10-07,34,seasonal_median,3
iq,2008,42,2008-10-14,63,seasonal_median,3
iq,2008,43,2008-10-21,44,seasonal_median,3
iq,2008,44,2008-10-28,50,seasonal_median,3
iq,2008,45,2008-11-04,35,seasonal_median,3
iq,2008,46,2008-11-11,16,seasonal_median,3
iq,2008,47,2008-11-18,16,seasonal_median,4
iq,2008,48,2008-11-25,13,seasonal_median,5
iq,2008,49,2008-12-02,9,seasonal_median,5
iq,2008,50,2008-12-09,15,seasonal_median,5
iq,2008,51,2008-12-16,4,seasonal_median,6
iq,2008,52,2008-12-23,0,seasonal_median,6
iq,2009,1,2009-01-01,1,seasonal_median,6
iq,2009,2,2009-01-08,10,seasonal_median,6
iq,2009,3,2009-01-15,11,seasonal_median,6
iq,2009,4,2009-01-22,29,seasonal_median,7
iq,2009,5,2009-01-29,35,seasonal_median,7
iq,2009,6,2009-02-05,30,seasonal_median,6
iq,2009,7,2009-02-12,20,seasonal_median,6
iq,2009,8,2009-02-19,21,seasonal_median,6
iq,2009,9,2009-02-26,12,seasonal_median,6
iq,2009,10,2009-03-05,9,seasonal_median,6
iq,2009,11,2009-03-12,11,seasonal_median,6
iq,2009,12,2009-03-19,9,seasonal_median,6
iq,2009,13,2009-03-26,5,seasonal_median,6
iq,2009,14,2009-04-02,11,seasonal_median,6
iq,2009,15,2009-04-09,3,seasonal_median,6
iq,2009,16,2009-04-16,5,seasonal_median,6
iq,2009,17,2009-04-23,5,seasonal_median,5
iq,2009,18,2009-04-30,4,seasonal_median,5
iq,2009,19,2009-05-07,4,seasonal_median,5
iq,2009,20,2009-05-14,1,seasonal_median,5
iq,2009,21,2009-05-21,0,seasonal_median,4
iq,2009,22,2009-05-28,2,seasonal_median,4
iq,2009,23,2009-06-04,3,seasonal_median,4
iq,2009,24,2009-06-11,3,seasonal_median,3
iq,2009,25,2009-06-18,5,seasonal_median,3
iq,2009,26,2009-06-25,2,seasonal_median,3
iq,2009,27,2009-07-02,1,seasonal_median,3
iq,2009,28,2009-07-09,2,seasonal_median,2
iq,2009,29,2009-07-16,0,seasonal_median,2
iq,2009,30,2009-07-23,0,seasonal_median,2
iq,2009,31,2009-07-30,3,seasonal_median,2
iq,2009,32,2009-08-06,5,seasonal_median,2
iq,2009,33,2009-08-13,5,seasonal_median,2
iq,2009,34,2009-08-20,7,seasonal_median,2
iq,2009,35,2009-08-27,5,seasonal_median,2
iq,2009,36,2009-09-03,2,seasonal_median,2
iq,2009,37,2009-09-10,2,seasonal_median,2
iq,2009,38,2009-09-17,2,seasonal_median,2
iq,2009,39,2009-09-24,0,seasonal_median,2
iq,2009,40,2009-10-01,2,seasonal_median,3
iq,2009,41,2009-10-08,1,seasonal_median,3
iq,2009,42,2009-10-15,1,seasonal_median,3
iq,2009,43,2009-10-22,2,seasonal_median,3
iq,2009,44,2009-10-29,2,seasonal_median,3
iq,2009,45,2009-11-05,3,seasonal_median,3
iq,2009,46,2009-11-12,9,seasonal_median,3
iq,2009,47,2009-11-19,5,seasonal_median,4
iq,2009,48,2009-11-26,5,seasonal_median,5
iq,2009,49,2009-12-03,4,seasonal_median,5
iq,2009,50,2009-12-10,4,seasonal_median,5
iq,2009,51,2009-12-17,1,seasonal_median,6
iq,2009,52,2009-12-24,0,seasonal_median,6
iq,2010,53,2010-01-01,0,seasonal_median,6
iq,2010,1,2010-01-08,10,seasonal_median,6
iq,2010,2,2010-01-15,9,seasonal_median,6
iq,2010,3,2010-01-22,17,seasonal_median,6
iq,2010,4,2010-01-29,16,seasonal_median,7
iq,2010,5,2010-02-05,11,seasonal_median,7
iq,2010,6,2010-02-12,12,seasonal_median,6
iq,2010,7,2010-02-19,19,seasonal_median,6
iq,2010,8,2010-02-26,15,seasonal_median,6
iq,2010,9,2010-03-05,12,seasonal_median,6
iq,2010,10,2010-03-12,12,seasonal_median,6
iq,2010,11,2010-03-19,16,seasonal_median,6
iq,2010,12,2010-03-26,9,seasonal_median,6
iq,2010,13,2010-04-02,4,seasonal_median,6
iq,2010,14,2010-04-09,9,seasonal_median,6
iq,2010,15,2010-04-16,6,seasonal_median,6
iq,2010,16,2010-04-23,8,seasonal_median,6
iq,2010,17,2010-04-30,4,seasonal_median,5
iq,2010,18,2010-05-07,2,seasonal_median,5
iq,2010,19,2010-05-14,7,seasonal_median,5
iq,2010,20,2010-05-21,6,seasonal_median,5
iq,2010,21,2010-05-28,5,seasonal_median,4
iq,2010,22,2010-06-04,8,seasonal_median,4
iq,2010,23,2010-06-11,1,seasonal_median,4
iq,2010,24,2010-06-18,1,seasonal_median,3
iq,2010,25,2010-06-25,4,seasonal_median,3
iq,2007,27,2007-07-02,3,selected,3
iq,2007,28,2007-07-09,4,selected,4
iq,2007,29,2007-07-16,1,selected,2
iq,2007,30,2007-07-23,8,selected,3
iq,2007,31,2007-07-30,5,selected,3
iq,2007,32,2007-08-06,3,selected,3
iq,2007,33,2007-08-13,2,selected,2
iq,2007,34,2007-08-20,7,selected,2
iq,2007,35,2007-08-27,1,selected,2
iq,2007,36,2007-09-03,6,selected,3
iq,2007,37,2007-09-10,7,selected,3
iq,2007,38,2007-09-17,5,selected,3
iq,2007,39,2007-09-24,2,selected,3
iq,2007,40,2007-10-01,6,selected,3
iq,2007,41,2007-10-08,11,selected,4
iq,2007,42,2007-10-15,6,selected,5
iq,2007,43,2007-10-22,3,selected,4
iq,2007,44,2007-10-29,11,selected,6
iq,2007,45,2007-11-05,11,selected,7
iq,2007,46,2007-11-12,5,selected,6
iq,2007,47,2007-11-19,4,selected,6
iq,2007,48,2007-11-26,9,selected,8
iq,2007,49,2007-12-03,23,selected,8
iq,2007,50,2007-12-10,28,selected,7
iq,2007,51,2007-12-17,26,selected,7
iq,2007,52,2007-12-24,7,selected,9
iq,2008,1,2008-01-01,29,selected,7
iq,2008,2,2008-01-08,58,selected,7
iq,2008,3,2008-01-15,26,selected,7
iq,2008,4,2008-01-22,38,selected,7
iq,2008,5,2008-01-29,35,selected,7
iq,2008,6,2008-02-05,37,selected,8
iq,2008,7,2008-02-12,20,selected,9
iq,2008,8,2008-02-19,29,selected,7
iq,2008,9,2008-02-26,25,selected,8
iq,2008,10,2008-03-04,23,selected,6
iq,2008,11,2008-03-11,9,selected,7
iq,2008,12,2008-03-18,3,selected,6
iq,2008,13,2008-03-25,6,selected,5
iq,2008,14,2008-04-01,6,selected,5
iq,2008,15,2008-04-08,3,selected,7
iq,2008,16,2008-04-15,1,selected,4
iq,2008,17,2008-04-22,3,selected,7
iq,2008,18,2008-04-29,1,selected,6
iq,2008,19,2008-05-06,1,selected,6
iq,2008,20,2008-05-13,0,selected,6
iq,2008,21,2008-05-20,2,selected,4
iq,2008,22,2008-05-27,1,selected,3
iq,2008,23,2008-06-03,1,selected,4
iq,2008,24,2008-06-10,0,selected,3
iq,2008,25,2008-06-17,0,selected,3
iq,2008,26,2008-06-24,1,selected,2
iq,2008,27,2008-07-01,0,selected,3
iq,2008,28,2008-07-08,3,selected,3
iq,2008,29,2008-07-15,3,selected,3
iq,2008,30,2008-07-22,1,selected,3
iq,2008,31,2008-07-29,5,selected,4
iq,2008,32,2008-08-05,2,selected,3
iq,2008,33,2008-08-12,5,selected,3
iq,2008,34,2008-08-19,5,selected,2
iq,2008,35,2008-08-26,5,selected,2
iq,2008,36,2008-09-02,9,selected,2
iq,2008,37,2008-09-09,17,selected,2
iq,2008,38,2008-09-16,19,selected,3
iq,2008,39,2008-09-23,25,selected,4
iq,2008,40,2008-09-30,45,selected,4
iq,2008,41,2008-10-07,34,selected,4
iq,2008,42,2008-10-14,63,selected,2
iq,2008,43,2008-10-21,44,selected,3
iq,2008,44,2008-10-28,50,selected,2
iq,2008,45,2008-11-04,35,selected,3
iq,2008,46,2008-11-11,16,selected,3
iq,2008,47,2008-11-18,16,selected,5
iq,2008,48,2008-11-25,13,selected,6
iq,2008,49,2008-12-02,9,selected,7
iq,2008,50,2008-12-09,15,selected,5
iq,2008,51,2008-12-16,4,selected,6
iq,2008,52,2008-12-23,0,selected,5
iq,2009,1,2009-01-01,1,selected,5
iq,2009,2,2009-01-08,10,selected,6
iq,2009,3,2009-01-15,11,selected,7
iq,2009,4,2009-01-22,29,selected,6
iq,2009,5,2009-01-29,35,selected,8
iq,2009,6,2009-02-05,30,selected,7
iq,2009,7,2009-02-12,20,selected,8
iq,2009,8,2009-02-19,21,selected,8
iq,2009,9,2009-02-26,12,selected,8
iq,2009,10,2009-03-05,9,selected,8
iq,2009,11,2009-03-12,11,selected,7
iq,2009,12,2009-03-19,9,selected,7
iq,2009,13,2009-03-26,5,selected,6
iq,2009,14,2009-04-02,11,selected,8
iq,2009,15,2009-04-09,3,selected,6
iq,2009,16,2009-04-16,5,selected,6
iq,2009,17,2009-04-23,5,selected,8
iq,2009,18,2009-04-30,4,selected,8
iq,2009,19,2009-05-07,4,selected,7
iq,2009,20,2009-05-14,1,selected,8
iq,2009,21,2009-05-21,0,selected,6
iq,2009,22,2009-05-28,2,selected,8
iq,2009,23,2009-06-04,3,selected,6
iq,2009,24,2009-06-11,3,selected,5
iq,2009,25,2009-06-18,5,selected,4
iq,2009,26,2009-06-25,2,selected,3
iq,2009,27,2009-07-02,1,selected,3
iq,2009,28,2009-07-09,2,selected,2
iq,2009,29,2009-07-16,0,selected,2
iq,2009,30,2009-07-23,0,selected,1
iq,2009,31,2009-07-30,3,selected,1
iq,2009,32,2009-08-06,5,selected,2
iq,2009,33,2009-08-13,5,selected,2
iq,2009,34,2009-08-20,7,selected,1
iq,2009,35,2009-08-27,5,selected,4
iq,2009,36,2009-09-03,2,selected,4
iq,2009,37,2009-09-10,2,selected,3
iq,2009,38,2009-09-17,2,selected,4
iq,2009,39,2009-09-24,0,selected,3
iq,2009,40,2009-10-01,2,selected,5
iq,2009,41,2009-10-08,1,selected,5
iq,2009,42,2009-10-15,1,selected,4
iq,2009,43,2009-10-22,2,selected,5
iq,2009,44,2009-10-29,2,selected,5
iq,2009,45,2009-11-05,3,selected,6
iq,2009,46,2009-11-12,9,selected,6
iq,2009,47,2009-11-19,5,selected,5
iq,2009,48,2009-11-26,5,selected,6
iq,2009,49,2009-12-03,4,selected,6
iq,2009,50,2009-12-10,4,selected,6
iq,2009,51,2009-12-17,1,selected,7
iq,2009,52,2009-12-24,0,selected,7
iq,2010,53,2010-01-01,0,selected,8
iq,2010,1,2010-01-08,10,selected,8
iq,2010,2,2010-01-15,9,selected,9
iq,2010,3,2010-01-22,17,selected,9
iq,2010,4,2010-01-29,16,selected,8
iq,2010,5,2010-02-05,11,selected,9
iq,2010,6,2010-02-12,12,selected,7
iq,2010,7,2010-02-19,19,selected,9
iq,2010,8,2010-02-26,15,selected,7
iq,2010,9,2010-03-05,12,selected,7
iq,2010,10,2010-03-12,12,selected,8
iq,2010,11,2010-03-19,16,selected,6
iq,2010,12,2010-03-26,9,selected,7
iq,2010,13,2010-04-02,4,selected,7
iq,2010,14,2010-04-09,9,selected,6
iq,2010,15,2010-04-16,6,selected,7
iq,2010,16,2010-04-23,8,selected,6
iq,2010,17,2010-04-30,4,selected,8
iq,2010,18,2010-05-07,2,selected,7
iq,2010,19,2010-05-14,7,selected,9
iq,2010,20,2010-05-21,6,selected,7
iq,2010,21,2010-05-28,5,selected,8
iq,2010,22,2010-06-04,8,selected,8
iq,2010,23,2010-06-11,1,selected,7
iq,2010,24,2010-06-18,1,selected,7
iq,2010,25,2010-06-25,4,selected,6
