city,model,objective,annual_1,annual_2,annual_3,annual_4,long_horizon
iq,lgb_regression_l1_l7_n50,5.901558570734707,1.6923076923076923,10.153846153846153,5.4423076923076925,2.6538461538461537,6.160256410256411
iq,cat_mae_d3,5.984724070187286,3.269230769230769,10.23076923076923,5.461538461538462,2.6346153846153846,5.9743589743589745
iq,cat_mae_extended,6.021272498937041,3.8461538461538463,9.76923076923077,5.673076923076923,2.9038461538461537,5.967948717948718
iq,cat_mae_d5,6.035005693898355,4.115384615384615,10.192307692307692,5.173076923076923,2.5,6.0
iq,rf_log_compact,6.106940106202589,1.6346153846153846,10.865384615384615,5.346153846153846,2.8653846153846154,6.326923076923077
iq,lgb_regression_l1_l15_n20,6.130234412770398,3.5576923076923075,9.923076923076923,5.673076923076923,3.2115384615384617,6.134615384615385
iq,lgb_regression_l1_l7_n20,6.134539002360019,3.5576923076923075,9.923076923076923,5.75,3.0961538461538463,6.147435897435898
iq,extra_poisson_extended,6.166838293124346,3.826923076923077,9.192307692307692,6.923076923076923,4.3076923076923075,5.839743589743589
iq,cat_recent_mae,6.180994935132447,3.6923076923076925,10.538461538461538,5.596153846153846,2.6923076923076925,6.128205128205129
iq,lgb_tweedie_l7_n50,6.182865954383263,2.269230769230769,10.076923076923077,5.538461538461538,3.423076923076923,6.4423076923076925
iq,extra_poisson_compact,6.200652035382832,3.6538461538461537,9.942307692307692,6.038461538461538,3.9038461538461537,6.012820512820513
iq,rf_log_extended,6.202044940327052,1.6923076923076923,10.576923076923077,5.6923076923076925,2.923076923076923,6.5
iq,cat_poisson_d3,6.272853280749511,2.826923076923077,10.807692307692308,5.384615384615385,3.769230769230769,6.230769230769231
iq,lgb_recent_mae,6.360552354894631,3.8461538461538463,10.903846153846153,5.4423076923076925,2.6538461538461537,6.378205128205129
iq,lgb_tweedie_l7_n20,6.528069910953366,1.9615384615384615,11.076923076923077,5.480769230769231,3.423076923076923,6.878205128205129
iq,lgb_tweedie_l15_n20,6.548984497226257,1.9615384615384615,11.096153846153847,5.596153846153846,3.3653846153846154,6.897435897435898
iq,cat_poisson_d5,6.622532147723852,1.9423076923076923,11.596153846153847,5.653846153846154,2.7884615384615383,6.993589743589744
iq,reference_forest,6.6530224258988255,5.038461538461538,10.615384615384615,6.75,2.923076923076923,6.410256410256411
iq,seasonal_median,6.951677494003204,2.3846153846153846,11.846153846153847,6.0,2.423076923076923,7.467948717948718
iq,city_median,7.0289400805949,2.5961538461538463,11.75,6.519230769230769,2.8076923076923075,7.397435897435898
sj,seasonal_median,19.696050664910953,12.75,17.442307692307693,9.288461538461538,21.057692307692307,23.361538461538462
sj,cat_poisson_d5,21.466024534281157,11.326923076923077,18.346153846153847,14.038461538461538,23.596153846153847,25.176923076923078
sj,city_median,21.958582129035754,16.442307692307693,16.596153846153847,17.942307692307693,19.134615384615383,26.16923076923077
sj,lgb_tweedie_l7_n50,23.290720996433787,14.615384615384615,20.5,12.73076923076923,25.596153846153847,27.20769230769231
sj,lgb_regression_l1_l7_n50,23.525681713750075,10.48076923076923,22.01923076923077,11.48076923076923,24.326923076923077,28.74230769230769
sj,cat_poisson_d3,23.81733855876591,15.173076923076923,21.153846153846153,14.557692307692308,28.096153846153847,26.796153846153846
sj,lgb_recent_mae,24.215964090965347,12.423076923076923,20.884615384615383,11.192307692307692,27.384615384615383,29.142307692307693
sj,lgb_tweedie_l7_n20,24.51092935048818,12.634615384615385,20.192307692307693,14.153846153846153,23.884615384615383,30.396153846153847
sj,lgb_regression_l1_l7_n20,24.564529978514106,12.365384615384615,22.846153846153847,10.673076923076923,27.76923076923077,29.28846153846154
sj,lgb_tweedie_l15_n20,24.57571060581724,12.98076923076923,21.115384615384617,13.423076923076923,22.384615384615383,30.815384615384616
sj,rf_log_extended,24.631109908574274,12.461538461538462,21.692307692307693,10.096153846153847,20.76923076923077,31.996153846153845
sj,lgb_regression_l1_l15_n20,24.9716549566653,12.5,24.634615384615383,13.307692307692308,27.057692307692307,29.26153846153846
sj,rf_log_compact,24.992570030704318,11.98076923076923,20.807692307692307,12.288461538461538,22.96153846153846,31.98846153846154
sj,cat_mae_extended,25.023199319897987,12.711538461538462,18.78846153846154,14.807692307692308,30.903846153846153,29.334615384615386
sj,extra_poisson_extended,25.657265759413587,16.846153846153847,22.942307692307693,18.0,30.21153846153846,28.26153846153846
sj,cat_mae_d3,26.088802231946712,12.26923076923077,20.21153846153846,11.538461538461538,30.78846153846154,31.923076923076923
sj,extra_poisson_compact,26.976002568886358,16.423076923076923,24.0,18.596153846153847,31.903846153846153,30.026923076923076
sj,cat_recent_mae,27.63022128852725,14.096153846153847,18.78846153846154,12.134615384615385,33.61538461538461,33.91923076923077
sj,cat_mae_d5,28.068135322672788,14.673076923076923,24.365384615384617,15.076923076923077,33.44230769230769,32.70384615384615
sj,reference_forest,34.53314206934236,29.53846153846154,29.115384615384617,35.01923076923077,25.76923076923077,38.542307692307695
