city,model,fold,mae,n
sj,city_median,annual_1,16.442307692307693,52
sj,city_median,annual_2,16.596153846153847,52
sj,city_median,annual_3,17.942307692307693,52
sj,city_median,annual_4,19.134615384615383,52
sj,city_median,long_horizon,26.16923076923077,260
sj,seasonal_median,annual_1,12.75,52
sj,seasonal_median,annual_2,17.442307692307693,52
sj,seasonal_median,annual_3,9.288461538461538,52
sj,seasonal_median,annual_4,21.057692307692307,52
sj,seasonal_median,long_horizon,23.361538461538462,260
sj,reference_forest,annual_1,29.53846153846154,52
sj,reference_forest,annual_2,29.115384615384617,52
sj,reference_forest,annual_3,35.01923076923077,52
sj,reference_forest,annual_4,25.76923076923077,52
sj,reference_forest,long_horizon,38.542307692307695,260
sj,rf_log_compact,annual_1,11.98076923076923,52
sj,rf_log_compact,annual_2,20.807692307692307,52
sj,rf_log_compact,annual_3,12.288461538461538,52
sj,rf_log_compact,annual_4,22.96153846153846,52
sj,rf_log_compact,long_horizon,31.98846153846154,260
sj,extra_poisson_compact,annual_1,16.423076923076923,52
sj,extra_poisson_compact,annual_2,24.0,52
sj,extra_poisson_compact,annual_3,18.596153846153847,52
sj,extra_poisson_compact,annual_4,31.903846153846153,52
sj,extra_poisson_compact,long_horizon,30.026923076923076,260
sj,rf_log_extended,annual_1,12.461538461538462,52
sj,rf_log_extended,annual_2,21.692307692307693,52
sj,rf_log_extended,annual_3,10.096153846153847,52
sj,rf_log_extended,annual_4,20.76923076923077,52
sj,rf_log_extended,long_horizon,31.996153846153845,260
sj,extra_poisson_extended,annual_1,16.846153846153847,52
sj,extra_poisson_extended,annual_2,22.942307692307693,52
sj,extra_poisson_extended,annual_3,18.0,52
sj,extra_poisson_extended,annual_4,30.21153846153846,52
sj,extra_poisson_extended,long_horizon,28.26153846153846,260
sj,cat_mae_d3,annual_1,12.26923076923077,52
sj,cat_mae_d3,annual_2,20.21153846153846,52
sj,cat_mae_d3,annual_3,11.538461538461538,52
sj,cat_mae_d3,annual_4,30.78846153846154,52
sj,cat_mae_d3,long_horizon,31.923076923076923,260
sj,cat_mae_d5,annual_1,14.673076923076923,52
sj,cat_mae_d5,annual_2,24.365384615384617,52
sj,cat_mae_d5,annual_3,15.076923076923077,52
sj,cat_mae_d5,annual_4,33.44230769230769,52
sj,cat_mae_d5,long_horizon,32.70384615384615,260
sj,cat_poisson_d3,annual_1,15.173076923076923,52
sj,cat_poisson_d3,annual_2,21.153846153846153,52
sj,cat_poisson_d3,annual_3,14.557692307692308,52
sj,cat_poisson_d3,annual_4,28.096153846153847,52
sj,cat_poisson_d3,long_horizon,26.796153846153846,260
sj,cat_poisson_d5,annual_1,11.326923076923077,52
sj,cat_poisson_d5,annual_2,18.346153846153847,52
sj,cat_poisson_d5,annual_3,14.038461538461538,52
sj,cat_poisson_d5,annual_4,23.596153846153847,52
sj,cat_poisson_d5,long_horizon,25.176923076923078,260
sj,lgb_regression_l1_l7_n20,annual_1,12.365384615384615,52
sj,lgb_regression_l1_l7_n20,annual_2,22.846153846153847,52
sj,lgb_regression_l1_l7_n20,annual_3,10.673076923076923,52
sj,lgb_regression_l1_l7_n20,annual_4,27.76923076923077,52
sj,lgb_regression_l1_l7_n20,long_horizon,29.28846153846154,260
sj,lgb_regression_l1_l7_n50,annual_1,10.48076923076923,52
sj,lgb_regression_l1_l7_n50,annual_2,22.01923076923077,52
sj,lgb_regression_l1_l7_n50,annual_3,11.48076923076923,52
sj,lgb_regression_l1_l7_n50,annual_4,24.326923076923077,52
sj,lgb_regression_l1_l7_n50,long_horizon,28.74230769230769,260
sj,lgb_regression_l1_l15_n20,annual_1,12.5,52
sj,lgb_regression_l1_l15_n20,annual_2,24.634615384615383,52
sj,lgb_regression_l1_l15_n20,annual_3,13.307692307692308,52
sj,lgb_regression_l1_l15_n20,annual_4,27.057692307692307,52
sj,lgb_regression_l1_l15_n20,long_horizon,29.26153846153846,260
sj,lgb_tweedie_l7_n20,annual_1,12.634615384615385,52
sj,lgb_tweedie_l7_n20,annual_2,20.192307692307693,52
sj,lgb_tweedie_l7_n20,annual_3,14.153846153846153,52
sj,lgb_tweedie_l7_n20,annual_4,23.884615384615383,52
sj,lgb_tweedie_l7_n20,long_horizon,30.396153846153847,260
sj,lgb_tweedie_l7_n50,annual_1,14.615384615384615,52
sj,lgb_tweedie_l7_n50,annual_2,20.5,52
sj,lgb_tweedie_l7_n50,annual_3,12.73076923076923,52
sj,lgb_tweedie_l7_n50,annual_4,25.596153846153847,52
sj,lgb_tweedie_l7_n50,long_horizon,27.20769230769231,260
sj,lgb_tweedie_l15_n20,annual_1,12.98076923076923,52
sj,lgb_tweedie_l15_n20,annual_2,21.115384615384617,52
sj,lgb_tweedie_l15_n20,annual_3,13.423076923076923,52
sj,lgb_tweedie_l15_n20,annual_4,22.384615384615383,52
sj,lgb_tweedie_l15_n20,long_horizon,30.815384615384616,260
sj,cat_recent_mae,annual_1,14.096153846153847,52
sj,cat_recent_mae,annual_2,18.78846153846154,52
sj,cat_recent_mae,annual_3,12.134615384615385,52
sj,cat_recent_mae,annual_4,33.61538461538461,52
sj,cat_recent_mae,long_horizon,33.91923076923077,260
sj,lgb_recent_mae,annual_1,12.423076923076923,52
sj,lgb_recent_mae,annual_2,20.884615384615383,52
sj,lgb_recent_mae,annual_3,11.192307692307692,52
sj,lgb_recent_mae,annual_4,27.384615384615383,52
sj,lgb_recent_mae,long_horizon,29.142307692307693,260
sj,cat_mae_extended,annual_1,12.711538461538462,52
sj,cat_mae_extended,annual_2,18.78846153846154,52
sj,cat_mae_extended,annual_3,14.807692307692308,52
sj,cat_mae_extended,annual_4,30.903846153846153,52
sj,cat_mae_extended,long_horizon,29.334615384615386,260
iq,city_median,annual_1,2.5961538461538463,52
iq,city_median,annual_2,11.75,52
iq,city_median,annual_3,6.519230769230769,52
iq,city_median,annual_4,2.8076923076923075,52
iq,city_median,long_horizon,7.397435897435898,156
iq,seasonal_median,annual_1,2.3846153846153846,52
iq,seasonal_median,annual_2,11.846153846153847,52
iq,seasonal_median,annual_3,6.0,52
iq,seasonal_median,annual_4,2.423076923076923,52
iq,seasonal_median,long_horizon,7.467948717948718,156
iq,reference_forest,annual_1,5.038461538461538,52
iq,reference_forest,annual_2,10.615384615384615,52
iq,reference_forest,annual_3,6.75,52
iq,reference_forest,annual_4,2.923076923076923,52
iq,reference_forest,long_horizon,6.410256410256411,156
iq,rf_log_compact,annual_1,1.6346153846153846,52
iq,rf_log_compact,annual_2,10.865384615384615,52
iq,rf_log_compact,annual_3,5.346153846153846,52
iq,rf_log_compact,annual_4,2.8653846153846154,52
iq,rf_log_compact,long_horizon,6.326923076923077,156
iq,extra_poisson_compact,annual_1,3.6538461538461537,52
iq,extra_poisson_compact,annual_2,9.942307692307692,52
iq,extra_poisson_compact,annual_3,6.038461538461538,52
iq,extra_poisson_compact,annual_4,3.9038461538461537,52
iq,extra_poisson_compact,long_horizon,6.012820512820513,156
iq,rf_log_extended,annual_1,1.6923076923076923,52
iq,rf_log_extended,annual_2,10.576923076923077,52
iq,rf_log_extended,annual_3,5.6923076923076925,52
iq,rf_log_extended,annual_4,2.923076923076923,52
iq,rf_log_extended,long_horizon,6.5,156
iq,extra_poisson_extended,annual_1,3.826923076923077,52
iq,extra_poisson_extended,annual_2,9.192307692307692,52
iq,extra_poisson_extended,annual_3,6.923076923076923,52
iq,extra_poisson_extended,annual_4,4.3076923076923075,52
iq,extra_poisson_extended,long_horizon,5.839743589743589,156
iq,cat_mae_d3,annual_1,3.269230769230769,52
iq,cat_mae_d3,annual_2,10.23076923076923,52
iq,cat_mae_d3,annual_3,5.461538461538462,52
iq,cat_mae_d3,annual_4,2.6346153846153846,52
iq,cat_mae_d3,long_horizon,5.9743589743589745,156
iq,cat_mae_d5,annual_1,4.115384615384615,52
iq,cat_mae_d5,annual_2,10.192307692307692,52
iq,cat_mae_d5,annual_3,5.173076923076923,52
iq,cat_mae_d5,annual_4,2.5,52
iq,cat_mae_d5,long_horizon,6.0,156
iq,cat_poisson_d3,annual_1,2.826923076923077,52
iq,cat_poisson_d3,annual_2,10.807692307692308,52
iq,cat_poisson_d3,annual_3,5.384615384615385,52
iq,cat_poisson_d3,annual_4,3.769230769230769,52
iq,cat_poisson_d3,long_horizon,6.230769230769231,156
iq,cat_poisson_d5,annual_1,1.9423076923076923,52
iq,cat_poisson_d5,annual_2,11.596153846153847,52
iq,cat_poisson_d5,annual_3,5.653846153846154,52
iq,cat_poisson_d5,annual_4,2.7884615384615383,52
iq,cat_poisson_d5,long_horizon,6.993589743589744,156
iq,lgb_regression_l1_l7_n20,annual_1,3.5576923076923075,52
iq,lgb_regression_l1_l7_n20,annual_2,9.923076923076923,52
iq,lgb_regression_l1_l7_n20,annual_3,5.75,52
iq,lgb_regression_l1_l7_n20,annual_4,3.0961538461538463,52
iq,lgb_regression_l1_l7_n20,long_horizon,6.147435897435898,156
iq,lgb_regression_l1_l7_n50,annual_1,1.6923076923076923,52
iq,lgb_regression_l1_l7_n50,annual_2,10.153846153846153,52
iq,lgb_regression_l1_l7_n50,annual_3,5.4423076923076925,52
iq,lgb_regression_l1_l7_n50,annual_4,2.6538461538461537,52
iq,lgb_regression_l1_l7_n50,long_horizon,6.160256410256411,156
iq,lgb_regression_l1_l15_n20,annual_1,3.5576923076923075,52
iq,lgb_regression_l1_l15_n20,annual_2,9.923076923076923,52
iq,lgb_regression_l1_l15_n20,annual_3,5.673076923076923,52
iq,lgb_regression_l1_l15_n20,annual_4,3.2115384615384617,52
iq,lgb_regression_l1_l15_n20,long_horizon,6.134615384615385,156
iq,lgb_tweedie_l7_n20,annual_1,1.9615384615384615,52
iq,lgb_tweedie_l7_n20,annual_2,11.076923076923077,52
iq,lgb_tweedie_l7_n20,annual_3,5.480769230769231,52
iq,lgb_tweedie_l7_n20,annual_4,3.423076923076923,52
iq,lgb_tweedie_l7_n20,long_horizon,6.878205128205129,156
iq,lgb_tweedie_l7_n50,annual_1,2.269230769230769,52
iq,lgb_tweedie_l7_n50,annual_2,10.076923076923077,52
iq,lgb_tweedie_l7_n50,annual_3,5.538461538461538,52
iq,lgb_tweedie_l7_n50,annual_4,3.423076923076923,52
iq,lgb_tweedie_l7_n50,long_horizon,6.4423076923076925,156
iq,lgb_tweedie_l15_n20,annual_1,1.9615384615384615,52
iq,lgb_tweedie_l15_n20,annual_2,11.096153846153847,52
iq,lgb_tweedie_l15_n20,annual_3,5.596153846153846,52
iq,lgb_tweedie_l15_n20,annual_4,3.3653846153846154,52
iq,lgb_tweedie_l15_n20,long_horizon,6.897435897435898,156
iq,cat_recent_mae,annual_1,3.6923076923076925,52
iq,cat_recent_mae,annual_2,10.538461538461538,52
iq,cat_recent_mae,annual_3,5.596153846153846,52
iq,cat_recent_mae,annual_4,2.6923076923076925,52
iq,cat_recent_mae,long_horizon,6.128205128205129,156
iq,lgb_recent_mae,annual_1,3.8461538461538463,52
iq,lgb_recent_mae,annual_2,10.903846153846153,52
iq,lgb_recent_mae,annual_3,5.4423076923076925,52
iq,lgb_recent_mae,annual_4,2.6538461538461537,52
iq,lgb_recent_mae,long_horizon,6.378205128205129,156
iq,cat_mae_extended,annual_1,3.8461538461538463,52
iq,cat_mae_extended,annual_2,9.76923076923077,52
iq,cat_mae_extended,annual_3,5.673076923076923,52
iq,cat_mae_extended,annual_4,2.9038461538461537,52
iq,cat_mae_extended,long_horizon,5.967948717948718,156
