city,fold,train_n,valid_n,train_end,valid_start,valid_end
sj,annual_1,468,52,1999-04-23,1999-04-30,2000-04-22
sj,annual_2,520,52,2000-04-22,2000-04-29,2001-04-23
sj,annual_3,572,52,2001-04-23,2001-04-30,2002-04-23
sj,annual_4,624,52,2002-04-23,2002-04-30,2003-04-23
sj,long_horizon,416,260,1998-04-23,1998-04-30,2003-04-23
sj,audit,676,260,2003-04-23,2003-04-30,2008-04-22
iq,annual_1,156,52,2003-06-25,2003-07-02,2004-06-24
iq,annual_2,208,52,2004-06-24,2004-07-01,2005-06-25
iq,annual_3,260,52,2005-06-25,2005-07-02,2006-06-25
iq,annual_4,312,52,2006-06-25,2006-07-02,2007-06-25
iq,long_horizon,208,156,2004-06-24,2004-07-01,2007-06-25
iq,audit,364,156,2007-06-25,2007-07-02,2010-06-25
