city,mlp_weight,rounding,mean_mae,std_mae,worst_mae,runs,selection_score
iq,0.5,nearest,7.326923076923077,5.439282932204211,11.173076923076923,2,7.870851370143498
iq,0.5,floor,7.365384615384615,5.38489010288217,11.173076923076923,2,7.903873625672832
iq,0.6,nearest,7.451923076923077,5.480077554195743,11.326923076923077,2,7.999930832342651
iq,0.6,floor,7.5,5.5752650055093165,11.442307692307692,2,8.057526500550932
iq,0.7,nearest,7.615384615384616,5.684050664153402,11.634615384615385,2,8.183789681799956
iq,0.7,floor,7.740384615384615,5.779238115466975,11.826923076923077,2,8.318308426931312
iq,0.8,nearest,7.788461538461538,5.847229152119528,11.923076923076923,2,8.373184453673492
iq,0.8,floor,7.884615384615385,5.874425566780548,12.038461538461538,2,8.47205794129344
iq,0.9,nearest,8.028846153846153,5.9152201887720794,12.211538461538462,2,8.620368172723362
iq,0.9,floor,8.10576923076923,6.078398676738207,12.403846153846153,2,8.713609098443051
iq,1.0,nearest,8.192307692307692,6.037604054746676,12.461538461538462,2,8.79606809778236
iq,1.0,floor,8.298076923076923,6.268773579365354,12.73076923076923,2,8.92495428101346
