city,spec,method,n_components,block_components,selection_score,mean_mae,worst_mae,std_mae
iq,baseline_180,none,,,7.372115384615385,7.048076923076923,10.288461538461538,3.2403846153846154
iq,block_pca_4,block_pca,,4.0,8.66923076923077,8.307692307692308,11.923076923076923,3.6153846153846154
iq,block_pca_5,block_pca,,5.0,8.996153846153847,8.596153846153847,12.596153846153847,4.0
iq,global_pca_120,global_pca,120.0,,9.846153846153845,9.403846153846153,13.826923076923077,4.423076923076923
iq,global_pca_96,global_pca,96.0,,9.861538461538462,9.5,13.115384615384615,3.615384615384615
sj,baseline_180,none,,,11.796153846153848,11.28846153846154,16.365384615384617,5.0769230769230775
sj,block_pca_4,block_pca,,4.0,13.393269230769231,12.625,20.307692307692307,7.6826923076923075
sj,block_pca_5,block_pca,,5.0,13.466346153846153,12.625,21.03846153846154,8.413461538461538
sj,global_pca_96,global_pca,96.0,,27.958653846153844,26.932692307692307,37.19230769230769,10.259615384615385
sj,global_pca_120,global_pca,120.0,,37.79807692307693,36.57692307692308,48.78846153846154,12.211538461538463
