city,candidate,family,loss,depth,boosting_weight,pooled_mae,mean_fold_mae,std_fold_mae,robust_score,outbreak_mae,prediction_mean,prediction_max,amplitude_ok,outbreak_ok,eligible,improvement_vs_tree
iq,xgb_poisson_d2,xgboost,poisson,2.0,0.2,6.1201923076923075,6.1201923076923075,2.8244486488726155,6.685082037466831,27.045454545454547,6.206730769230769,13.0,True,True,True,0.09134615384615419
iq,cat_poisson_d4,catboost,poisson,4.0,0.5,6.0576923076923075,6.0576923076923075,3.1552236672750387,6.6887370411473155,27.454545454545453,5.663461538461538,13.0,True,True,True,0.1538461538461542
iq,cat_poisson_d4,catboost,poisson,4.0,0.3,6.081730769230769,6.08173076923077,3.0883015273713963,6.69939107470505,27.636363636363637,5.793269230769231,13.0,True,True,True,0.1298076923076925
iq,xgb_poisson_d2,xgboost,poisson,2.0,0.3,6.139423076923077,6.1394230769230775,2.827066159382661,6.70483630879961,26.681818181818183,6.293269230769231,14.0,True,True,True,0.07211538461538503
iq,cat_poisson_d4,catboost,poisson,4.0,0.4,6.091346153846154,6.091346153846153,3.120021922573186,6.7153505383607905,27.59090909090909,5.764423076923077,13.0,True,True,True,0.12019230769230749
iq,xgb_poisson_d2,xgboost,poisson,2.0,0.5,6.158653846153846,6.158653846153846,2.794303396536155,6.717514525461077,26.09090909090909,6.4951923076923075,14.0,True,True,True,0.05288461538461586
iq,xgb_poisson_d3,xgboost,poisson,3.0,0.2,6.139423076923077,6.139423076923077,2.93508335693046,6.7264397483091685,27.363636363636363,6.024038461538462,13.0,True,True,True,0.07211538461538503
iq,cat_poisson_d4,catboost,poisson,4.0,0.1,6.1298076923076925,6.129807692307692,2.989514930424461,6.727710678392584,27.681818181818183,5.918269230769231,13.0,True,True,True,0.08173076923076916
iq,xgb_mae_d2,xgboost,mae,2.0,0.2,6.134615384615385,6.134615384615385,2.9790007160576835,6.7304155278269215,27.636363636363637,6.048076923076923,13.0,True,True,True,0.07692307692307665
iq,cat_poisson_d4,catboost,poisson,4.0,0.6,6.105769230769231,6.105769230769231,3.126567654130962,6.731082761595423,27.545454545454547,5.5673076923076925,13.0,True,True,True,0.10576923076923084
iq,cat_poisson_d6,catboost,poisson,6.0,0.3,6.105769230769231,6.105769230769231,3.12813452263741,6.731396135296713,28.136363636363637,5.4326923076923075,11.0,False,True,False,0.10576923076923084
iq,cat_poisson_d4,catboost,poisson,4.0,0.7,6.105769230769231,6.105769230769231,3.129552896399252,6.731679810049082,27.454545454545453,5.509615384615385,13.0,True,True,True,0.10576923076923084
iq,xgb_poisson_d2,xgboost,poisson,2.0,0.1,6.153846153846154,6.153846153846153,2.890378857663542,6.731921925378861,27.363636363636363,6.086538461538462,13.0,True,True,True,0.05769230769230749
iq,xgb_poisson_d3,xgboost,poisson,3.0,0.7,6.158653846153846,6.158653846153846,2.8757676811448385,6.733807382382814,26.454545454545453,6.072115384615385,14.0,True,True,True,0.05288461538461586
iq,xgb_mae_d3,xgboost,mae,3.0,0.2,6.144230769230769,6.14423076923077,2.959305476851865,6.736091864601143,27.545454545454547,6.0673076923076925,13.0,True,True,True,0.06730769230769251
iq,xgb_poisson_d3,xgboost,poisson,3.0,0.4,6.149038461538462,6.149038461538461,2.9407479211586325,6.737188045770187,27.09090909090909,6.033653846153846,13.0,True,True,True,0.0625
iq,cat_poisson_d4,catboost,poisson,4.0,0.2,6.134615384615385,6.134615384615385,3.0243403603735834,6.739483456690102,27.772727272727273,5.875,13.0,True,True,True,0.07692307692307665
iq,xgb_poisson_d3,xgboost,poisson,3.0,0.3,6.149038461538462,6.149038461538462,2.958832898759419,6.740805041290345,27.181818181818183,6.043269230769231,13.0,True,True,True,0.0625
iq,cat_poisson_d6,catboost,poisson,6.0,0.6,6.091346153846154,6.091346153846154,3.2595267460151587,6.743251503049186,28.727272727272727,4.899038461538462,11.0,False,False,False,0.12019230769230749
iq,cat_poisson_d4,catboost,poisson,4.0,0.9,6.096153846153846,6.096153846153846,3.2541507404267738,6.7469839942392005,27.454545454545453,5.365384615384615,14.0,False,True,False,0.11538461538461586
iq,xgb_mae_d3,xgboost,mae,3.0,0.3,6.163461538461538,6.163461538461538,2.919358084788321,6.747333155419202,27.454545454545453,6.125,13.0,True,True,True,0.04807692307692335
iq,xgb_poisson_d2,xgboost,poisson,2.0,0.7,6.206730769230769,6.20673076923077,2.7147885254961723,6.7496884743300045,25.363636363636363,6.706730769230769,17.0,False,True,False,0.004807692307692513
iq,xgb_mae_d2,xgboost,mae,2.0,0.3,6.153846153846154,6.153846153846153,2.9821026794080283,6.750266689727759,27.59090909090909,6.105769230769231,13.0,True,True,True,0.05769230769230749
iq,xgb_poisson_d3,xgboost,poisson,3.0,0.1,6.163461538461538,6.163461538461537,2.943014620957836,6.752064462653105,27.545454545454547,6.009615384615385,13.0,True,True,True,0.04807692307692335
iq,xgb_poisson_d2,xgboost,poisson,2.0,0.6,6.201923076923077,6.201923076923077,2.75377967796861,6.752679012516799,25.727272727272727,6.634615384615385,16.0,False,True,False,0.009615384615385025
iq,xgb_poisson_d3,xgboost,poisson,3.0,0.5,6.177884615384615,6.177884615384615,2.882350873965709,6.754354790177757,26.863636363636363,6.043269230769231,13.0,True,True,True,0.0336538461538467
iq,xgb_mae_d3,xgboost,mae,3.0,0.4,6.163461538461538,6.163461538461538,2.966794162652727,6.7568203709920835,27.318181818181817,6.153846153846154,13.0,True,True,True,0.04807692307692335
iq,cat_poisson_d6,catboost,poisson,6.0,0.1,6.149038461538462,6.149038461538462,3.0416054511415846,6.757359551766779,27.818181818181817,5.841346153846154,12.0,True,True,True,0.0625
iq,cat_poisson_d6,catboost,poisson,6.0,0.2,6.144230769230769,6.144230769230768,3.066101764388423,6.757451122108453,28.045454545454547,5.663461538461538,12.0,True,True,True,0.06730769230769251
iq,xgb_poisson_d3,xgboost,poisson,3.0,0.8,6.1826923076923075,6.1826923076923075,2.8759645924938133,6.75788522619107,26.272727272727273,6.105769230769231,14.0,True,True,True,0.028846153846154188
iq,xgb_mae_d3,xgboost,mae,3.0,0.1,6.168269230769231,6.168269230769231,2.96887748869828,6.7620447285088865,27.59090909090909,6.043269230769231,13.0,True,True,True,0.04326923076923084
iq,xgb_poisson_d2,xgboost,poisson,2.0,0.4,6.197115384615385,6.197115384615384,2.825659548865481,6.76224729438848,26.363636363636363,6.427884615384615,14.0,True,True,True,0.01442307692307665
iq,cat_poisson_d6,catboost,poisson,6.0,0.4,6.1201923076923075,6.120192307692307,3.2132761017710596,6.762847528046518,28.454545454545453,5.216346153846154,11.0,False,True,False,0.09134615384615419
iq,xgb_mae_d2,xgboost,mae,2.0,0.4,6.173076923076923,6.1730769230769225,2.969924440694065,6.7670618112157355,27.363636363636363,6.1923076923076925,13.0,True,True,True,0.038461538461538325
iq,cat_poisson_d6,catboost,poisson,6.0,0.7,6.115384615384615,6.115384615384615,3.2595161092211504,6.767287837228845,28.863636363636363,4.711538461538462,10.0,False,False,False,0.0961538461538467
iq,xgb_poisson_d3,xgboost,poisson,3.0,0.6,6.1923076923076925,6.1923076923076925,2.8797073630911565,6.7682491649259235,26.727272727272727,6.076923076923077,13.0,True,True,True,0.019230769230769162
iq,cat_poisson_d6,catboost,poisson,6.0,0.5,6.125,6.125,3.2240801862449513,6.76981603724899,28.636363636363637,5.0673076923076925,11.0,False,False,False,0.08653846153846168
iq,xgb_poisson_d2,xgboost,poisson,2.0,0.8,6.235576923076923,6.2355769230769225,2.685581398547594,6.772693202786441,25.045454545454547,6.783653846153846,18.0,False,True,False,-0.024038461538461675
iq,xgb_mae_d2,xgboost,mae,2.0,0.1,6.177884615384615,6.177884615384616,2.989174718139127,6.775719559012441,27.636363636363637,6.033653846153846,13.0,True,True,True,0.0336538461538467
iq,xgb_mae_d3,xgboost,mae,3.0,0.6,6.1875,6.1875,2.955018265795227,6.778503653159046,27.045454545454547,6.235576923076923,12.0,True,True,True,0.024038461538461675
iq,cat_poisson_d4,catboost,poisson,4.0,0.8,6.144230769230769,6.14423076923077,3.1783028061861334,6.779891330467997,27.454545454545453,5.4326923076923075,13.0,True,True,True,0.06730769230769251
iq,xgb_poisson_d3,xgboost,poisson,3.0,0.9,6.206730769230769,6.20673076923077,2.8897510373200506,6.78468097669478,26.09090909090909,6.100961538461538,15.0,True,True,True,0.004807692307692513
iq,xgb_mae_d2,xgboost,mae,2.0,0.5,6.1875,6.187499999999999,3.0175269261433275,6.791005385228665,27.272727272727273,6.225961538461538,12.0,True,True,True,0.024038461538461675
iq,xgb_mae_d3,xgboost,mae,3.0,0.5,6.197115384615385,6.197115384615384,2.9741357640328743,6.791942537421959,27.227272727272727,6.225961538461538,12.0,True,True,True,0.01442307692307665
iq,tree,tree,confirmed,,0.0,6.211538461538462,6.211538461538462,2.9367720676815883,6.798892875074779,27.636363636363637,6.028846153846154,13.0,True,True,True,0.0
iq,cat_mae_d6,catboost,mae,6.0,0.1,6.206730769230769,6.206730769230769,2.965044596639176,6.7997396885586046,27.59090909090909,6.1201923076923075,13.0,True,True,True,0.004807692307692513
iq,cat_mae_d4,catboost,mae,4.0,0.1,6.216346153846154,6.216346153846153,2.9281451191423886,6.801975177674631,27.636363636363637,6.091346153846154,13.0,True,True,True,-0.004807692307692513
iq,xgb_mae_d3,xgboost,mae,3.0,0.7,6.201923076923077,6.2019230769230775,3.0076486569722505,6.803452808317528,27.0,6.278846153846154,12.0,True,True,True,0.009615384615385025
iq,xgb_poisson_d2,xgboost,poisson,2.0,0.9,6.283653846153846,6.283653846153846,2.652709309176956,6.814195707989237,24.772727272727273,6.918269230769231,20.0,False,True,False,-0.07211538461538414
iq,cat_poisson_d4,catboost,poisson,4.0,1.0,6.168269230769231,6.168269230769232,3.2509777489186997,6.818464780552972,27.40909090909091,5.283653846153846,14.0,False,True,False,0.04326923076923084
iq,cat_poisson_d6,catboost,poisson,6.0,0.8,6.153846153846154,6.153846153846153,3.3301729347209474,6.819880740790342,29.181818181818183,4.538461538461538,10.0,False,False,False,0.05769230769230749
iq,cat_mae_d6,catboost,mae,6.0,0.2,6.230769230769231,6.230769230769232,2.9615696801551374,6.823083166800259,27.545454545454547,6.211538461538462,13.0,True,True,True,-0.019230769230769162
iq,xgb_mae_d3,xgboost,mae,3.0,0.8,6.216346153846154,6.216346153846155,3.041666244494851,6.824679402745125,26.863636363636363,6.322115384615385,12.0,True,True,True,-0.004807692307692513
iq,cat_mae_d4,catboost,mae,4.0,0.2,6.2451923076923075,6.2451923076923075,2.9163122319161348,6.828454754075534,27.59090909090909,6.139423076923077,13.0,True,True,True,-0.03365384615384581
iq,xgb_poisson_d3,xgboost,poisson,3.0,1.0,6.259615384615385,6.259615384615385,2.8604597584279694,6.831707336300979,25.954545454545453,6.153846153846154,16.0,True,True,True,-0.04807692307692335
iq,xgb_mae_d2,xgboost,mae,2.0,0.6,6.230769230769231,6.23076923076923,3.0245849145503323,6.835686213679296,27.181818181818183,6.25,12.0,True,True,True,-0.019230769230769162
iq,xgb_poisson_d2,xgboost,poisson,2.0,1.0,6.322115384615385,6.322115384615385,2.6296055329413464,6.848036491203654,24.454545454545453,7.0048076923076925,21.0,False,True,False,-0.11057692307692335
iq,xgb_mae_d3,xgboost,mae,3.0,0.9,6.240384615384615,6.240384615384615,3.0455886470599722,6.849502344796609,26.727272727272727,6.355769230769231,13.0,True,True,True,-0.0288461538461533
iq,cat_mae_d4,catboost,mae,4.0,0.3,6.274038461538462,6.274038461538462,2.926945030494844,6.85942746763743,27.681818181818183,6.177884615384615,13.0,True,True,True,-0.0625
iq,cat_mae_d6,catboost,mae,6.0,0.3,6.269230769230769,6.269230769230769,2.975491605744837,6.864329090379736,27.454545454545453,6.346153846153846,13.0,True,True,True,-0.05769230769230749
iq,xgb_mae_d2,xgboost,mae,2.0,0.7,6.274038461538462,6.274038461538462,3.0474057438666544,6.883519610311793,27.09090909090909,6.235576923076923,12.0,True,True,True,-0.0625
iq,cat_poisson_d6,catboost,poisson,6.0,0.9,6.225961538461538,6.225961538461539,3.336479577179353,6.89325745389741,29.318181818181817,4.322115384615385,11.0,False,False,False,-0.01442307692307665
iq,cat_mae_d4,catboost,mae,4.0,0.4,6.3125,6.3125,2.9162171215970627,6.895743424319413,27.727272727272727,6.225961538461538,13.0,True,True,True,-0.10096153846153832
iq,cat_mae_d6,catboost,mae,6.0,0.4,6.3125,6.3125,2.9529525578938105,6.903090511578762,27.40909090909091,6.5048076923076925,14.0,True,True,True,-0.10096153846153832
iq,xgb_mae_d3,xgboost,mae,3.0,1.0,6.322115384615385,6.322115384615384,3.0253910390805867,6.927193592431502,26.772727272727273,6.389423076923077,14.0,True,True,True,-0.11057692307692335
iq,cat_mae_d4,catboost,mae,4.0,0.5,6.355769230769231,6.355769230769231,2.8685610942560187,6.929481449620434,27.681818181818183,6.298076923076923,13.0,True,True,True,-0.14423076923076916
iq,xgb_mae_d2,xgboost,mae,2.0,0.8,6.346153846153846,6.346153846153847,3.0385832497531595,6.953870496104479,26.954545454545453,6.298076923076923,12.0,True,True,True,-0.13461538461538414
iq,cat_mae_d6,catboost,mae,6.0,0.5,6.355769230769231,6.355769230769231,2.9952656183150697,6.9548223544322445,27.272727272727273,6.586538461538462,14.0,True,True,True,-0.14423076923076916
iq,cat_mae_d4,catboost,mae,4.0,0.6,6.384615384615385,6.384615384615385,2.8674811638181814,6.958111617379021,27.681818181818183,6.394230769230769,14.0,True,True,True,-0.17307692307692335
iq,xgb_mae_d2,xgboost,mae,2.0,0.9,6.365384615384615,6.365384615384616,3.0552421242627927,6.976433040237175,26.818181818181817,6.336538461538462,12.0,True,True,True,-0.1538461538461533
iq,cat_poisson_d6,catboost,poisson,6.0,1.0,6.322115384615385,6.322115384615385,3.3394986591371314,6.9900151164428115,29.5,4.158653846153846,11.0,False,False,False,-0.11057692307692335
iq,cat_mae_d6,catboost,mae,6.0,0.6,6.408653846153846,6.408653846153845,2.9841908091646814,7.005492007986781,27.227272727272727,6.725961538461538,15.0,False,True,False,-0.19711538461538414
iq,cat_mae_d4,catboost,mae,4.0,0.7,6.451923076923077,6.4519230769230775,2.861526183803272,7.024228313683732,27.636363636363637,6.4423076923076925,15.0,True,True,True,-0.24038461538461497
iq,xgb_mae_d2,xgboost,mae,2.0,1.0,6.4423076923076925,6.442307692307692,3.03267462557647,7.048842617422986,26.772727272727273,6.375,13.0,True,True,True,-0.23076923076923084
iq,cat_mae_d6,catboost,mae,6.0,0.7,6.471153846153846,6.471153846153845,2.926127583195253,7.056379362792896,27.136363636363637,6.8173076923076925,15.0,False,True,False,-0.25961538461538414
iq,cat_mae_d4,catboost,mae,4.0,0.8,6.519230769230769,6.519230769230769,2.8362613945517876,7.086483048141127,27.727272727272727,6.5,15.0,True,True,True,-0.3076923076923075
iq,cat_mae_d4,catboost,mae,4.0,0.9,6.596153846153846,6.596153846153846,2.812725993550189,7.158699044863884,27.772727272727273,6.548076923076923,16.0,True,True,True,-0.38461538461538414
iq,cat_mae_d6,catboost,mae,6.0,0.8,6.576923076923077,6.5769230769230775,2.9143658154920904,7.159796240021496,27.09090909090909,6.9326923076923075,16.0,False,True,False,-0.365384615384615
iq,cat_mae_d6,catboost,mae,6.0,0.9,6.653846153846154,6.653846153846154,2.913413937158736,7.236528941277902,27.0,7.038461538461538,16.0,False,True,False,-0.4423076923076925
iq,cat_mae_d4,catboost,mae,4.0,1.0,6.6875,6.6875,2.7646320991211697,7.240426419824234,27.772727272727273,6.610576923076923,17.0,True,True,True,-0.4759615384615383
iq,cat_mae_d6,catboost,mae,6.0,1.0,6.7548076923076925,6.754807692307692,2.9197974708376706,7.338767186475225,26.863636363636363,7.168269230769231,17.0,False,True,False,-0.5432692307692308
sj,cat_mae_d4,catboost,mae,4.0,0.4,13.45673076923077,13.45673076923077,3.1885512827214146,14.094441025775053,41.0,26.841346153846153,88.0,True,True,True,0.5048076923076916
sj,cat_mae_d4,catboost,mae,4.0,0.6,13.403846153846153,13.403846153846155,3.474628029131809,14.098771759672516,39.142857142857146,27.182692307692307,98.0,True,True,True,0.5576923076923084
sj,cat_mae_d4,catboost,mae,4.0,0.7,13.370192307692308,13.370192307692307,3.6799767805014185,14.106187663792591,38.19047619047619,27.379807692307693,103.0,True,True,True,0.5913461538461533
sj,cat_mae_d4,catboost,mae,4.0,0.8,13.350961538461538,13.35096153846154,3.798317300085681,14.110624998478677,37.42857142857143,27.52403846153846,108.0,True,True,True,0.6105769230769234
sj,cat_mae_d4,catboost,mae,4.0,0.3,13.528846153846153,13.528846153846157,3.011396622065021,14.131125478259161,41.904761904761905,26.653846153846153,83.0,True,True,True,0.4326923076923084
sj,cat_mae_d4,catboost,mae,4.0,0.5,13.461538461538462,13.461538461538463,3.355700351949054,14.132678531928274,40.095238095238095,27.009615384615383,93.0,True,True,True,0.5
sj,cat_mae_d4,catboost,mae,4.0,0.9,13.379807692307692,13.379807692307693,3.9653728409509594,14.172882260497886,36.904761904761905,27.697115384615383,113.0,True,True,True,0.58173076923077
sj,cat_mae_d4,catboost,mae,4.0,0.2,13.653846153846153,13.653846153846153,2.8668362352949295,14.22721340090514,43.095238095238095,26.46153846153846,80.0,True,True,True,0.3076923076923084
sj,cat_poisson_d6,catboost,poisson,6.0,0.3,13.6875,13.6875,2.7939063221558174,14.246281264431163,51.57142857142857,24.22596153846154,64.0,False,False,False,0.2740384615384617
sj,cat_poisson_d6,catboost,poisson,6.0,0.2,13.716346153846153,13.716346153846152,2.7024320284409,14.256832559534331,49.19047619047619,24.860576923076923,69.0,False,False,False,0.24519230769230838
sj,cat_mae_d4,catboost,mae,4.0,1.0,13.447115384615385,13.447115384615383,4.093972310915692,14.265909846798522,36.333333333333336,27.908653846153847,118.0,True,True,True,0.5144230769230766
sj,cat_mae_d6,catboost,mae,6.0,0.2,13.716346153846153,13.716346153846153,2.877214062567177,14.291788966359588,43.666666666666664,26.504807692307693,85.0,True,True,True,0.24519230769230838
sj,cat_mae_d6,catboost,mae,6.0,0.4,13.649038461538462,13.64903846153846,3.2489579292043227,14.298830047379324,42.76190476190476,26.889423076923077,91.0,True,True,True,0.3125
sj,cat_mae_d6,catboost,mae,6.0,0.3,13.6875,13.6875,3.0600310057117333,14.299506201142346,43.19047619047619,26.735576923076923,88.0,True,True,True,0.2740384615384617
sj,xgb_mae_d3,xgboost,mae,3.0,0.3,13.658653846153847,13.658653846153847,3.2560360141048696,14.30986104897482,46.04761904761905,25.591346153846153,75.0,True,True,True,0.302884615384615
sj,xgb_mae_d3,xgboost,mae,3.0,0.2,13.735576923076923,13.735576923076922,3.0326250846166523,14.342101940000251,45.76190476190476,25.754807692307693,76.0,True,True,True,0.22596153846153832
sj,xgb_mae_d3,xgboost,mae,3.0,0.4,13.653846153846153,13.653846153846153,3.484777759843942,14.350801705814941,46.476190476190474,25.375,74.0,True,True,True,0.3076923076923084
sj,cat_mae_d6,catboost,mae,6.0,0.5,13.692307692307692,13.692307692307693,3.354791018985399,14.363265896104773,42.42857142857143,27.096153846153847,94.0,True,True,True,0.26923076923077005
sj,cat_mae_d4,catboost,mae,4.0,0.1,13.83173076923077,13.83173076923077,2.7134940779273404,14.374429584816237,44.04761904761905,26.3125,79.0,True,True,True,0.12980769230769162
sj,cat_poisson_d6,catboost,poisson,6.0,0.1,13.850961538461538,13.850961538461538,2.6450304734768744,14.379967633156912,47.04761904761905,25.514423076923077,74.0,True,False,False,0.11057692307692335
sj,cat_poisson_d6,catboost,poisson,6.0,0.4,13.774038461538462,13.774038461538462,3.0495287430574796,14.383944210149957,54.0,23.58173076923077,60.0,False,False,False,0.1875
sj,xgb_mae_d2,xgboost,mae,2.0,0.3,13.783653846153847,13.783653846153847,3.106777491732566,14.40500934450036,46.476190476190474,25.658653846153847,72.0,True,True,True,0.17788461538461497
sj,cat_poisson_d4,catboost,poisson,4.0,0.1,13.889423076923077,13.889423076923078,2.5912480358190524,14.407672684086888,46.523809523809526,25.697115384615383,74.0,True,True,True,0.07211538461538503
sj,cat_mae_d6,catboost,mae,6.0,0.1,13.865384615384615,13.865384615384615,2.732360045842851,14.411856624553185,44.285714285714285,26.346153846153847,82.0,True,True,True,0.0961538461538467
sj,xgb_mae_d3,xgboost,mae,3.0,0.1,13.85576923076923,13.85576923076923,2.804347981893527,14.416638827147935,45.523809523809526,25.932692307692307,78.0,True,True,True,0.10576923076923173
sj,cat_poisson_d4,catboost,poisson,4.0,0.2,13.89423076923077,13.89423076923077,2.6424119618884867,14.422713161608467,47.95238095238095,25.384615384615383,69.0,False,False,False,0.06730769230769162
sj,xgb_mae_d3,xgboost,mae,3.0,0.5,13.6875,13.6875,3.6804541049494226,14.423590820989885,46.76190476190476,25.216346153846153,75.0,True,False,False,0.2740384615384617
sj,xgb_mae_d2,xgboost,mae,2.0,0.1,13.875,13.875,2.7516300978267894,14.425326019565357,45.666666666666664,25.942307692307693,77.0,True,True,True,0.08653846153846168
sj,xgb_mae_d2,xgboost,mae,2.0,0.4,13.764423076923077,13.764423076923077,3.3493953960723664,14.43430215613755,47.04761904761905,25.52403846153846,70.0,False,False,False,0.19711538461538503
sj,xgb_mae_d2,xgboost,mae,2.0,0.2,13.850961538461538,13.85096153846154,2.948252384512063,14.440612015363953,46.19047619047619,25.79326923076923,75.0,True,True,True,0.11057692307692335
sj,cat_poisson_d4,catboost,poisson,4.0,0.3,13.923076923076923,13.923076923076923,2.696013932504867,14.462279709577897,49.61904761904762,25.057692307692307,64.0,False,False,False,0.038461538461538325
sj,cat_mae_d6,catboost,mae,6.0,0.6,13.759615384615385,13.759615384615385,3.59781173219987,14.479177731055358,42.095238095238095,27.298076923076923,99.0,True,True,True,0.20192307692307665
sj,tree,tree,confirmed,,0.0,13.961538461538462,13.961538461538463,2.6353522271124863,14.48860890696096,45.19047619047619,26.125,79.0,True,True,True,0.0
sj,cat_poisson_d6,catboost,poisson,6.0,0.5,13.841346153846153,13.841346153846152,3.287291036623842,14.49880436117092,56.19047619047619,22.966346153846153,58.0,False,False,False,0.12019230769230838
sj,xgb_poisson_d3,xgboost,poisson,3.0,0.1,14.0,14.0,2.6576060322186965,14.53152120644374,45.38095238095238,26.125,75.0,True,True,True,-0.038461538461538325
sj,xgb_mae_d3,xgboost,mae,3.0,0.6,13.73076923076923,13.73076923076923,4.005589659552019,14.531887162679634,47.285714285714285,24.990384615384617,77.0,True,False,False,0.23076923076923173
sj,xgb_mae_d2,xgboost,mae,2.0,0.5,13.83173076923077,13.831730769230772,3.5427538504212452,14.540281539315021,47.857142857142854,25.302884615384617,70.0,False,False,False,0.12980769230769162
sj,xgb_poisson_d2,xgboost,poisson,2.0,0.1,14.009615384615385,14.009615384615385,2.669910271523776,14.54359743892014,45.04761904761905,26.25,75.0,True,True,True,-0.04807692307692335
sj,cat_poisson_d4,catboost,poisson,4.0,0.4,13.995192307692308,13.995192307692307,2.8165815223233803,14.558508612156983,51.42857142857143,24.620192307692307,60.0,False,False,False,-0.0336538461538467
sj,xgb_poisson_d3,xgboost,poisson,3.0,0.2,14.052884615384615,14.052884615384615,2.749138346720347,14.602712284728684,45.80952380952381,26.139423076923077,70.0,False,True,False,-0.0913461538461533
sj,xgb_poisson_d2,xgboost,poisson,2.0,0.2,14.072115384615385,14.072115384615385,2.7254272980765037,14.617200844230686,44.80952380952381,26.427884615384617,71.0,False,True,False,-0.11057692307692335
sj,xgb_mae_d2,xgboost,mae,2.0,0.6,13.875,13.875,3.7618771477224264,14.627375429544486,48.476190476190474,25.14423076923077,71.0,False,False,False,0.08653846153846168
sj,cat_poisson_d4,catboost,poisson,4.0,0.5,14.115384615384615,14.115384615384617,2.9390693592062185,14.70319848722586,53.19047619047619,24.259615384615383,59.0,False,False,False,-0.1538461538461533
sj,cat_mae_d6,catboost,mae,6.0,0.7,13.961538461538462,13.961538461538463,3.7097444847336636,14.703487358485196,42.57142857142857,27.53846153846154,105.0,True,True,True,0.0
sj,xgb_mae_d2,xgboost,mae,2.0,0.7,13.913461538461538,13.913461538461538,4.0012595095447,14.713713440370478,48.95238095238095,25.009615384615383,71.0,False,False,False,0.04807692307692335
sj,xgb_poisson_d3,xgboost,poisson,3.0,0.3,14.163461538461538,14.16346153846154,2.843472619608204,14.732156062383181,46.523809523809526,26.134615384615383,67.0,False,True,False,-0.20192307692307665
sj,cat_poisson_d6,catboost,poisson,6.0,0.6,14.01923076923077,14.01923076923077,3.5854684937294636,14.736324467976663,58.61904761904762,22.326923076923077,56.0,False,False,False,-0.057692307692308376
sj,xgb_mae_d3,xgboost,mae,3.0,0.7,13.884615384615385,13.884615384615387,4.269988671464817,14.73861311890835,47.76190476190476,24.846153846153847,79.0,True,False,False,0.07692307692307665
sj,xgb_poisson_d2,xgboost,poisson,2.0,0.3,14.173076923076923,14.173076923076923,2.8423181013653473,14.741540543349993,45.142857142857146,26.5,69.0,False,True,False,-0.21153846153846168
sj,xgb_poisson_d3,xgboost,poisson,3.0,0.4,14.278846153846153,14.278846153846155,2.933511865308427,14.86554852690784,47.142857142857146,26.153846153846153,70.0,False,False,False,-0.3173076923076916
sj,cat_poisson_d4,catboost,poisson,4.0,0.6,14.288461538461538,14.28846153846154,3.0370615080288204,14.895873840067305,54.80952380952381,23.89423076923077,62.0,False,False,False,-0.32692307692307665
sj,xgb_mae_d2,xgboost,mae,2.0,0.8,14.0625,14.0625,4.241123147791599,14.91072462955832,49.76190476190476,24.822115384615383,72.0,True,False,False,-0.10096153846153832
sj,xgb_poisson_d2,xgboost,poisson,2.0,0.4,14.326923076923077,14.326923076923077,2.938943526720858,14.914711782267249,45.42857142857143,26.66346153846154,77.0,True,True,True,-0.365384615384615
sj,cat_mae_d6,catboost,mae,6.0,0.8,14.158653846153847,14.158653846153847,3.841785379722057,14.927010922098258,43.23809523809524,27.72596153846154,111.0,True,True,True,-0.19711538461538503
sj,xgb_mae_d3,xgboost,mae,3.0,0.8,14.072115384615385,14.072115384615383,4.485437791559779,14.969202942927339,48.23809523809524,24.639423076923077,81.0,True,False,False,-0.11057692307692335
sj,cat_poisson_d6,catboost,poisson,6.0,0.7,14.245192307692308,14.245192307692307,3.9377641500576552,15.032745137703838,60.80952380952381,21.6875,55.0,False,False,False,-0.2836538461538467
sj,xgb_poisson_d3,xgboost,poisson,3.0,0.5,14.427884615384615,14.427884615384615,3.0556468424442715,15.039013983873469,47.714285714285715,26.158653846153847,73.0,True,False,False,-0.4663461538461533
sj,xgb_mae_d2,xgboost,mae,2.0,0.9,14.216346153846153,14.216346153846153,4.496493024483722,15.115644758742897,50.476190476190474,24.677884615384617,73.0,True,False,False,-0.2548076923076916
sj,cat_mae_d6,catboost,mae,6.0,0.9,14.33173076923077,14.331730769230766,3.967377488293165,15.1252062668894,43.95238095238095,27.91826923076923,117.0,True,True,True,-0.3701923076923084
sj,xgb_poisson_d2,xgboost,poisson,2.0,0.5,14.557692307692308,14.557692307692307,3.0215877620135903,15.162009860095024,46.42857142857143,26.807692307692307,85.0,True,True,True,-0.5961538461538467
sj,xgb_poisson_d3,xgboost,poisson,3.0,0.6,14.572115384615385,14.572115384615385,3.15687515778409,15.203490416172203,48.38095238095238,26.158653846153847,77.0,True,False,False,-0.6105769230769234
sj,cat_poisson_d4,catboost,poisson,4.0,0.7,14.572115384615385,14.572115384615385,3.224621411428235,15.217039666901032,56.666666666666664,23.54326923076923,64.0,False,False,False,-0.6105769230769234
sj,xgb_mae_d3,xgboost,mae,3.0,0.9,14.317307692307692,14.317307692307692,4.7403456075786226,15.265376813823416,48.76190476190476,24.46153846153846,83.0,True,False,False,-0.35576923076922995
sj,cat_poisson_d6,catboost,poisson,6.0,0.8,14.461538461538462,14.461538461538463,4.417617868618346,15.345062035262133,63.23809523809524,21.057692307692307,54.0,False,False,False,-0.5
sj,xgb_mae_d2,xgboost,mae,2.0,1.0,14.423076923076923,14.423076923076923,4.682504734831133,15.35957787004315,51.095238095238095,24.557692307692307,74.0,True,False,False,-0.4615384615384617
sj,cat_mae_d6,catboost,mae,6.0,1.0,14.548076923076923,14.548076923076923,4.093884799488047,15.366853882974533,44.61904761904762,28.08653846153846,123.0,True,True,True,-0.5865384615384617
sj,xgb_poisson_d2,xgboost,poisson,2.0,0.6,14.802884615384615,14.802884615384617,3.1483410854347866,15.432552832471574,47.333333333333336,26.947115384615383,93.0,True,False,False,-0.8413461538461533
sj,xgb_poisson_d3,xgboost,poisson,3.0,0.7,14.826923076923077,14.826923076923075,3.3342238701934885,15.493767850961772,49.476190476190474,26.153846153846153,80.0,True,False,False,-0.865384615384615
sj,cat_poisson_d4,catboost,poisson,4.0,0.8,14.817307692307692,14.817307692307693,3.516904969163963,15.520688686140486,58.38095238095238,23.182692307692307,67.0,False,False,False,-0.85576923076923
sj,xgb_mae_d3,xgboost,mae,3.0,1.0,14.576923076923077,14.576923076923077,4.910007441636222,15.55892456525032,49.285714285714285,24.240384615384617,85.0,True,False,False,-0.615384615384615
sj,xgb_poisson_d2,xgboost,poisson,2.0,0.7,15.120192307692308,15.120192307692308,3.2532236800026797,15.770837043692845,48.285714285714285,27.110576923076923,101.0,True,False,False,-1.1586538461538467
sj,xgb_poisson_d3,xgboost,poisson,3.0,0.8,15.100961538461538,15.100961538461537,3.451464373851264,15.791254413231789,50.476190476190474,26.158653846153847,84.0,True,False,False,-1.1394230769230766
sj,cat_poisson_d6,catboost,poisson,6.0,0.9,14.83173076923077,14.83173076923077,4.865144699922443,15.804759709215258,65.71428571428571,20.447115384615383,52.0,False,False,False,-0.8701923076923084
sj,cat_poisson_d4,catboost,poisson,4.0,0.9,15.110576923076923,15.11057692307692,3.7964912707571066,15.86987517722834,60.142857142857146,22.79326923076923,70.0,False,False,False,-1.1490384615384617
sj,xgb_poisson_d2,xgboost,poisson,2.0,0.8,15.432692307692308,15.432692307692307,3.3705592086029617,16.1068041494129,49.142857142857146,27.221153846153847,109.0,True,False,False,-1.4711538461538467
sj,xgb_poisson_d3,xgboost,poisson,3.0,0.9,15.413461538461538,15.41346153846154,3.6161645026269444,16.13669443898693,51.666666666666664,26.16346153846154,89.0,True,False,False,-1.4519230769230766
sj,cat_poisson_d4,catboost,poisson,4.0,1.0,15.427884615384615,15.427884615384615,4.07391432428293,16.242667480241202,61.80952380952381,22.427884615384617,72.0,False,False,False,-1.4663461538461533
sj,cat_poisson_d6,catboost,poisson,6.0,1.0,15.192307692307692,15.192307692307692,5.404616014145226,16.273230895136738,67.95238095238095,19.759615384615383,51.0,False,False,False,-1.23076923076923
sj,xgb_poisson_d2,xgboost,poisson,2.0,0.9,15.79326923076923,15.79326923076923,3.520291322961881,16.497327495361606,50.19047619047619,27.322115384615383,116.0,True,False,False,-1.8317307692307683
sj,xgb_poisson_d3,xgboost,poisson,3.0,1.0,15.83173076923077,15.831730769230768,3.809619146311194,16.593654598493007,52.904761904761905,26.1875,94.0,True,False,False,-1.8701923076923084
sj,xgb_poisson_d2,xgboost,poisson,2.0,1.0,16.20673076923077,16.20673076923077,3.6837685462936895,16.94348447848951,50.904761904761905,27.533653846153847,124.0,True,False,False,-2.2451923076923084
