origin,split,weekofyear,temperature,humidity,rainfall
1,development,1,4,4,4
1,development,2,3,3,3
1,development,3,3,3,3
1,development,4,3,3,3
1,development,5,3,3,3
1,development,6,3,3,3
1,development,7,3,3,3
1,development,8,3,3,3
1,development,9,4,4,4
1,development,10,5,5,4
1,development,11,5,5,4
1,development,12,5,5,4
1,development,13,5,5,4
1,development,14,5,5,4
1,development,15,5,5,4
1,development,16,5,5,4
1,development,17,4,4,3
1,development,18,4,4,4
1,development,19,4,4,4
1,development,20,4,4,4
1,development,21,4,4,4
1,development,22,4,4,4
1,development,23,4,4,4
1,development,24,4,4,4
1,development,25,4,4,4
1,development,26,5,5,5
1,development,27,5,5,5
1,development,28,5,5,5
1,development,29,5,5,5
1,development,30,5,5,5
1,development,31,5,5,5
1,development,32,5,5,5
1,development,33,5,5,5
1,development,34,5,5,5
1,development,35,5,5,5
1,development,36,5,5,5
1,development,37,5,5,5
1,development,38,5,5,5
1,development,39,5,5,5
1,development,40,5,5,5
1,development,41,5,5,5
1,development,42,5,5,5
1,development,43,5,5,5
1,development,44,5,5,5
1,development,45,5,5,5
1,development,46,5,5,5
1,development,47,5,5,5
1,development,48,5,5,5
1,development,49,5,5,5
1,development,50,5,5,5
1,development,51,5,5,5
1,development,52,5,5,5
1,development,53,1,1,1
2,development,1,5,5,5
2,development,2,4,4,4
2,development,3,4,4,4
2,development,4,4,4,4
2,development,5,4,4,4
2,development,6,4,4,4
2,development,7,4,4,4
2,development,8,4,4,4
2,development,9,5,5,5
2,development,10,6,6,5
2,development,11,6,6,5
2,development,12,6,6,5
2,development,13,6,6,5
2,development,14,6,6,5
2,development,15,6,6,5
2,development,16,6,6,5
2,development,17,6,6,5
2,development,18,5,5,5
2,development,19,5,5,5
2,development,20,5,5,5
2,development,21,5,5,5
2,development,22,5,5,5
2,development,23,5,5,5
2,development,24,5,5,5
2,development,25,5,5,5
2,development,26,6,6,6
2,development,27,6,6,6
2,development,28,6,6,6
2,development,29,6,6,6
2,development,30,6,6,6
2,development,31,6,6,6
2,development,32,6,6,6
2,development,33,6,6,6
2,development,34,6,6,6
2,development,35,6,6,6
2,development,36,6,6,6
2,development,37,6,6,6
2,development,38,6,6,6
2,development,39,6,6,6
2,development,40,6,6,6
2,development,41,6,6,6
2,development,42,6,6,6
2,development,43,6,6,6
2,development,44,6,6,6
2,development,45,6,6,6
2,development,46,6,6,6
2,development,47,6,6,6
2,development,48,6,6,6
2,development,49,6,6,6
2,development,50,6,6,6
2,development,51,6,6,6
2,development,52,5,5,5
2,development,53,1,1,1
3,development,1,6,6,6
3,development,2,5,5,5
3,development,3,5,5,5
3,development,4,5,5,5
3,development,5,5,5,5
3,development,6,5,5,5
3,development,7,5,5,5
3,development,8,5,5,5
3,development,9,6,6,6
3,development,10,7,7,6
3,development,11,7,7,6
3,development,12,7,7,6
3,development,13,7,7,6
3,development,14,7,7,6
3,development,15,7,7,6
3,development,16,7,7,6
3,development,17,7,7,6
3,development,18,6,6,6
3,development,19,6,6,6
3,development,20,6,6,6
3,development,21,6,6,6
3,development,22,6,6,6
3,development,23,6,6,6
3,development,24,6,6,6
3,development,25,6,6,6
3,development,26,7,7,7
3,development,27,7,7,7
3,development,28,7,7,7
3,development,29,7,7,7
3,development,30,7,7,7
3,development,31,7,7,7
3,development,32,7,7,7
3,development,33,7,7,7
3,development,34,7,7,7
3,development,35,7,7,7
3,development,36,7,7,7
3,development,37,7,7,7
3,development,38,7,7,7
3,development,39,7,7,7
3,development,40,7,7,7
3,development,41,7,7,7
3,development,42,7,7,7
3,development,43,7,7,7
3,development,44,7,7,7
3,development,45,7,7,7
3,development,46,7,7,7
3,development,47,7,7,7
3,development,48,7,7,7
3,development,49,7,7,7
3,development,50,7,7,7
3,development,51,7,7,7
3,development,52,6,6,6
3,development,53,1,1,1
4,development,1,7,7,7
4,development,2,5,5,5
4,development,3,5,5,5
4,development,4,5,5,5
4,development,5,5,5,5
4,development,6,5,5,5
4,development,7,5,5,5
4,development,8,5,5,5
4,development,9,6,6,6
4,development,10,8,8,7
4,development,11,8,8,7
4,development,12,8,8,7
4,development,13,8,8,7
4,development,14,8,8,7
4,development,15,8,8,7
4,development,16,8,8,7
4,development,17,8,8,7
4,development,18,7,7,7
4,development,19,7,7,7
4,development,20,7,7,7
4,development,21,7,7,7
4,development,22,7,7,7
4,development,23,7,7,7
4,development,24,7,7,7
4,development,25,7,7,7
4,development,26,8,8,8
4,development,27,8,8,8
4,development,28,8,8,8
4,development,29,8,8,8
4,development,30,8,8,8
4,development,31,8,8,8
4,development,32,8,8,8
4,development,33,8,8,8
4,development,34,8,8,8
4,development,35,8,8,8
4,development,36,8,8,8
4,development,37,8,8,8
4,development,38,8,8,8
4,development,39,8,8,8
4,development,40,8,8,8
4,development,41,8,8,8
4,development,42,8,8,8
4,development,43,8,8,8
4,development,44,8,8,8
4,development,45,8,8,8
4,development,46,8,8,8
4,development,47,8,8,8
4,development,48,8,8,8
4,development,49,8,8,8
4,development,50,8,8,8
4,development,51,8,8,8
4,development,52,7,7,7
4,development,53,1,1,1
5,latest_evaluation,1,11,11,11
5,latest_evaluation,2,9,9,9
5,latest_evaluation,3,9,9,9
5,latest_evaluation,4,9,9,9
5,latest_evaluation,5,9,9,9
5,latest_evaluation,6,9,9,9
5,latest_evaluation,7,9,9,9
5,latest_evaluation,8,9,9,9
5,latest_evaluation,9,11,11,11
5,latest_evaluation,10,13,13,12
5,latest_evaluation,11,13,13,12
5,latest_evaluation,12,13,13,12
5,latest_evaluation,13,13,13,12
5,latest_evaluation,14,13,13,12
5,latest_evaluation,15,13,13,12
5,latest_evaluation,16,13,13,12
5,latest_evaluation,17,13,13,12
5,latest_evaluation,18,12,12,12
5,latest_evaluation,19,12,12,12
5,latest_evaluation,20,12,12,12
5,latest_evaluation,21,12,12,12
5,latest_evaluation,22,12,12,12
5,latest_evaluation,23,12,12,12
5,latest_evaluation,24,12,12,12
5,latest_evaluation,25,12,12,12
5,latest_evaluation,26,13,13,13
5,latest_evaluation,27,13,13,13
5,latest_evaluation,28,13,13,13
5,latest_evaluation,29,13,13,13
5,latest_evaluation,30,13,13,13
5,latest_evaluation,31,13,13,13
5,latest_evaluation,32,13,13,13
5,latest_evaluation,33,13,13,13
5,latest_evaluation,34,13,13,13
5,latest_evaluation,35,13,13,13
5,latest_evaluation,36,13,13,13
5,latest_evaluation,37,13,13,13
5,latest_evaluation,38,13,13,13
5,latest_evaluation,39,13,13,13
5,latest_evaluation,40,13,13,13
5,latest_evaluation,41,13,13,13
5,latest_evaluation,42,13,13,13
5,latest_evaluation,43,13,13,13
5,latest_evaluation,44,13,13,13
5,latest_evaluation,45,13,13,13
5,latest_evaluation,46,13,13,13
5,latest_evaluation,47,13,13,13
5,latest_evaluation,48,13,13,13
5,latest_evaluation,49,13,13,13
5,latest_evaluation,50,13,13,13
5,latest_evaluation,51,13,13,13
5,latest_evaluation,52,11,11,11
5,latest_evaluation,53,2,2,2
