city,origin,split,variant,forecast_origin_date,n_train,horizon_weeks,n_predictions,high_case_threshold,n_features,mae,bias,overprediction_mae_contribution,underprediction_mae_contribution,high_case_mae,other_week_mae,high_case_weeks
sj,1,development,baseline,1995-04-30,260,260,260,117.09999999999994,132,26.03076923076923,-4.269230769230769,15.15,10.88076923076923,162.63636363636363,19.995983935742974,11
sj,1,development,anomalies_th,1995-04-30,260,260,260,117.09999999999994,134,25.66923076923077,-4.323076923076923,14.996153846153845,10.673076923076923,162.1818181818182,19.63855421686747,11
sj,1,development,anomalies_all,1995-04-30,260,260,260,117.09999999999994,135,25.746153846153845,-4.130769230769231,14.938461538461539,10.807692307692308,163.1818181818182,19.674698795180724,11
sj,2,development,baseline,1996-04-29,312,260,260,91.90000000000003,132,25.28076923076923,-0.9653846153846154,13.123076923076923,12.157692307692308,140.33333333333334,18.23673469387755,15
sj,2,development,anomalies_th,1996-04-29,312,260,260,91.90000000000003,134,25.303846153846155,-0.7269230769230769,13.015384615384615,12.288461538461538,140.2,18.26938775510204,15
sj,2,development,anomalies_all,1996-04-29,312,260,260,91.90000000000003,135,25.20769230769231,-0.7230769230769231,12.965384615384615,12.242307692307692,140.46666666666667,18.151020408163266,15
sj,3,development,baseline,1997-04-30,364,260,260,84.69999999999999,132,34.4,-8.461538461538462,21.43076923076923,12.96923076923077,131.23529411764707,27.625514403292183,17
sj,3,development,anomalies_th,1997-04-30,364,260,260,84.69999999999999,134,34.89230769230769,-9.246153846153845,22.06923076923077,12.823076923076924,131.2941176470588,28.14814814814815,17
sj,3,development,anomalies_all,1997-04-30,364,260,260,84.69999999999999,135,34.66538461538462,-8.903846153846153,21.784615384615385,12.88076923076923,131.52941176470588,27.88888888888889,17
sj,4,development,baseline,1998-04-30,416,260,260,77.0,132,39.30769230769231,-16.8,28.053846153846155,11.253846153846155,118.63157894736842,33.053941908713696,19
sj,4,development,anomalies_th,1998-04-30,416,260,260,77.0,134,40.88461538461539,-18.630769230769232,29.75769230769231,11.126923076923077,118.26315789473684,34.78423236514523,19
sj,4,development,anomalies_all,1998-04-30,416,260,260,77.0,135,40.19230769230769,-17.861538461538462,29.026923076923076,11.165384615384616,118.84210526315789,33.99170124481328,19
sj,5,latest_evaluation,baseline,2003-04-30,676,260,260,73.0,132,20.25,-16.365384615384617,18.307692307692307,1.9423076923076923,23.31578947368421,20.008298755186722,19
sj,5,latest_evaluation,anomalies_th,2003-04-30,676,260,260,73.0,134,20.857692307692307,-16.75,18.803846153846155,2.0538461538461537,23.31578947368421,20.66390041493776,19
sj,5,latest_evaluation,anomalies_all,2003-04-30,676,260,260,73.0,135,21.01153846153846,-17.403846153846153,19.20769230769231,1.8038461538461539,21.526315789473685,20.970954356846473,19
