l2,dispersion_scale,nb_weight,pooled_mae,mean_fold_mae,std_fold_mae,robust_score,improvement_vs_tree
0.01,0.5,0.0,15.724358974358974,15.724358974358976,4.747568497701553,16.673872673899286,0.0
0.01,1.0,0.0,15.724358974358974,15.724358974358976,4.747568497701553,16.673872673899286,0.0
0.01,2.0,0.0,15.724358974358974,15.724358974358976,4.747568497701553,16.673872673899286,0.0
0.1,0.5,0.0,15.724358974358974,15.724358974358976,4.747568497701553,16.673872673899286,0.0
0.1,1.0,0.0,15.724358974358974,15.724358974358976,4.747568497701553,16.673872673899286,0.0
0.1,2.0,0.0,15.724358974358974,15.724358974358976,4.747568497701553,16.673872673899286,0.0
1.0,0.5,0.0,15.724358974358974,15.724358974358976,4.747568497701553,16.673872673899286,0.0
1.0,1.0,0.0,15.724358974358974,15.724358974358976,4.747568497701553,16.673872673899286,0.0
1.0,2.0,0.0,15.724358974358974,15.724358974358976,4.747568497701553,16.673872673899286,0.0
10.0,0.5,0.0,15.724358974358974,15.724358974358976,4.747568497701553,16.673872673899286,0.0
10.0,1.0,0.0,15.724358974358974,15.724358974358976,4.747568497701553,16.673872673899286,0.0
10.0,2.0,0.0,15.724358974358974,15.724358974358976,4.747568497701553,16.673872673899286,0.0
1.0,2.0,0.05,15.798076923076923,15.798076923076925,4.7927813642109935,16.756633195919125,-0.0737179487179489
10.0,0.5,0.05,15.804487179487179,15.804487179487177,4.776945485241358,16.759876276535447,-0.0801282051282044
0.1,2.0,0.05,15.788461538461538,15.788461538461538,4.86449774018858,16.761361086499253,-0.06410256410256387
1.0,1.0,0.05,15.804487179487179,15.804487179487177,4.799357090751806,16.76435859763754,-0.0801282051282044
0.1,1.0,0.05,15.794871794871796,15.794871794871796,4.869723750040592,16.768816544879915,-0.07051282051282115
10.0,1.0,0.05,15.820512820512821,15.82051282051282,4.762553051813139,16.773023430875448,-0.0961538461538467
1.0,0.5,0.05,15.814102564102564,15.814102564102564,4.858077855188644,16.785718135140293,-0.08974358974358942
0.1,0.5,0.05,15.817307692307692,15.817307692307693,4.874633324600905,16.792234357227873,-0.09294871794871717
0.01,2.0,0.05,15.836538461538462,15.836538461538465,4.8440516146470705,16.805348784467878,-0.11217948717948723
10.0,2.0,0.05,15.862179487179487,15.862179487179487,4.768757946302931,16.815931076440073,-0.13782051282051277
0.01,0.5,0.05,15.85576923076923,15.855769230769232,4.8037772520771576,16.816524681184664,-0.1314102564102555
0.01,1.0,0.05,15.852564102564102,15.8525641025641,4.827991334782106,16.818162369520522,-0.12820512820512775
1.0,1.0,0.1,15.89102564102564,15.89102564102564,4.901516121495813,16.871328865324802,-0.16666666666666607
1.0,0.5,0.1,15.89423076923077,15.894230769230772,4.972418378075926,16.888714444845956,-0.1698717948717956
0.1,2.0,0.1,15.89102564102564,15.891025641025642,5.022553506060043,16.89553634223765,-0.16666666666666607
0.1,1.0,0.1,15.900641025641026,15.900641025641027,5.029356823934737,16.906512390427974,-0.1762820512820511
1.0,2.0,0.1,15.951923076923077,15.951923076923078,4.836245339539849,16.919172144831048,-0.2275641025641022
0.1,0.5,0.1,15.919871794871796,15.919871794871796,5.0192850064201275,16.92372879615582,-0.19551282051282115
10.0,0.5,0.1,15.971153846153847,15.971153846153847,4.810521603386366,16.93325816683112,-0.24679487179487225
0.01,2.0,0.1,15.967948717948717,15.96794871794872,4.997702463585634,16.967489210665846,-0.24358974358974272
1.0,0.5,0.15,15.958333333333334,15.958333333333334,5.131065908784381,16.98454651509021,-0.23397435897435948
0.01,1.0,0.1,15.987179487179487,15.987179487179489,5.013365600897039,16.9898526073589,-0.2628205128205128
10.0,1.0,0.1,16.03525641025641,16.03525641025641,4.7988048194936,16.99501737415513,-0.31089743589743435
10.0,2.0,0.1,16.028846153846153,16.028846153846157,4.842066219717997,16.997259397789755,-0.30448717948717885
1.0,1.0,0.15,15.990384615384615,15.990384615384615,5.07031122974413,17.00444686133344,-0.2660256410256405
0.01,0.5,0.1,16.01923076923077,16.01923076923077,4.98022470045892,17.015275709322555,-0.2948717948717956
0.1,2.0,0.15,15.987179487179487,15.987179487179489,5.14770331712669,17.016720150604826,-0.2628205128205128
0.1,1.0,0.15,15.977564102564102,15.977564102564102,5.200378540626823,17.017639810689467,-0.25320512820512775
1.0,2.0,0.15,16.060897435897434,16.060897435897438,4.919136752908976,17.044724786479232,-0.3365384615384599
0.1,0.5,0.15,16.03525641025641,16.035256410256412,5.188405664230646,17.07293754310254,-0.31089743589743435
10.0,0.5,0.15,16.115384615384617,16.115384615384617,4.900312955428866,17.09544720647039,-0.3910256410256423
0.01,2.0,0.15,16.08974358974359,16.089743589743588,5.141820866944403,17.118107763132468,-0.36538461538461675
1.0,0.5,0.2,16.07051282051282,16.07051282051282,5.271039679521495,17.12472075641712,-0.3461538461538467
0.1,2.0,0.2,16.060897435897434,16.060897435897434,5.331218954957077,17.12714122688885,-0.3365384615384599
10.0,1.0,0.15,16.173076923076923,16.173076923076923,4.845212566299158,17.142119436336756,-0.4487179487179489
0.1,1.0,0.2,16.083333333333332,16.083333333333332,5.304830920770413,17.144299517487415,-0.3589743589743577
0.01,1.0,0.15,16.131410256410255,16.131410256410255,5.120231180382915,17.155456492486838,-0.40705128205128105
1.0,1.0,0.2,16.14423076923077,16.14423076923077,5.118645938390694,17.16795995690891,-0.4198717948717956
0.1,0.5,0.2,16.121794871794872,16.12179487179487,5.335451687292212,17.18888520925331,-0.3974358974358978
0.01,0.5,0.15,16.173076923076923,16.173076923076923,5.1058808959733755,17.1942531022716,-0.4487179487179489
1.0,2.0,0.2,16.192307692307693,16.192307692307693,5.060214346326569,17.20435056157301,-0.46794871794871895
10.0,2.0,0.15,16.240384615384617,16.240384615384617,4.864621278925701,17.213308871169758,-0.5160256410256423
10.0,0.5,0.2,16.266025641025642,16.266025641025642,4.909253136106563,17.247876268246955,-0.5416666666666679
0.1,2.0,0.25,16.153846153846153,16.153846153846157,5.484422983642933,17.250730750574743,-0.42948717948717885
1.0,1.0,0.25,16.201923076923077,16.201923076923077,5.285497421072654,17.25902256113761,-0.4775641025641022
1.0,0.5,0.25,16.205128205128204,16.205128205128208,5.407354307317509,17.28659906659171,-0.48076923076922995
0.1,1.0,0.25,16.205128205128204,16.205128205128208,5.4868462335897945,17.30249745184617,-0.48076923076922995
10.0,1.0,0.2,16.33653846153846,16.336538461538463,4.881128247489694,17.3127641110364,-0.6121794871794854
0.01,2.0,0.2,16.272435897435898,16.272435897435898,5.314787814220872,17.335393460280073,-0.5480769230769234
0.01,1.0,0.2,16.294871794871796,16.294871794871792,5.251404746162787,17.34515274410435,-0.5705128205128212
0.1,0.5,0.25,16.253205128205128,16.253205128205128,5.4843714732808015,17.35007942286129,-0.5288461538461533
1.0,2.0,0.25,16.32371794871795,16.32371794871795,5.1515663809037076,17.35403122489869,-0.5993589743589745
0.01,0.5,0.2,16.33653846153846,16.336538461538463,5.1998728126988425,17.376513024078232,-0.6121794871794854
0.1,2.0,0.3,16.26923076923077,16.26923076923077,5.636474708542516,17.396525710939272,-0.5448717948717956
1.0,0.5,0.3,16.30448717948718,16.30448717948718,5.544483645818682,17.413383908650914,-0.5801282051282044
10.0,2.0,0.2,16.439102564102566,16.439102564102566,4.902770327775563,17.419656629657677,-0.7147435897435912
1.0,1.0,0.3,16.35576923076923,16.35576923076923,5.379562074776236,17.431681645724478,-0.6314102564102555
10.0,0.5,0.25,16.44551282051282,16.44551282051282,4.95471873619145,17.43645656775111,-0.7211538461538467
0.1,1.0,0.3,16.310897435897434,16.310897435897434,5.632803776622288,17.437458191221893,-0.5865384615384599
0.01,2.0,0.25,16.403846153846153,16.403846153846153,5.462779743377434,17.49640210252164,-0.6794871794871788
0.1,0.5,0.3,16.371794871794872,16.371794871794872,5.6413789225039235,17.500070656295655,-0.6474358974358978
10.0,1.0,0.25,16.528846153846153,16.52884615384615,4.914728372990326,17.511791828444213,-0.8044871794871788
1.0,2.0,0.3,16.46474358974359,16.46474358974359,5.251225749961105,17.514988739735813,-0.7403846153846168
0.01,1.0,0.25,16.471153846153847,16.471153846153843,5.436219640003426,17.55839777415453,-0.7467948717948723
0.1,2.0,0.35,16.419871794871796,16.419871794871796,5.800082217615365,17.57988823839487,-0.6955128205128212
0.01,0.5,0.25,16.522435897435898,16.522435897435898,5.33544879920039,17.589525657275974,-0.7980769230769234
1.0,0.5,0.35,16.458333333333332,16.458333333333332,5.672733764791579,17.592880086291647,-0.7339743589743577
1.0,1.0,0.35,16.509615384615383,16.509615384615383,5.494873327889038,17.60859005019319,-0.7852564102564088
0.1,1.0,0.35,16.44551282051282,16.445512820512818,5.831960425928741,17.611904905698566,-0.7211538461538467
10.0,0.5,0.3,16.650641025641026,16.650641025641026,4.9749547373213145,17.64563197310529,-0.9262820512820511
10.0,2.0,0.25,16.66346153846154,16.663461538461537,4.920894823896371,17.64764050324081,-0.9391025641025657
1.0,2.0,0.35,16.612179487179485,16.612179487179485,5.296886257694793,17.671556738718444,-0.887820512820511
0.01,2.0,0.3,16.560897435897434,16.560897435897438,5.579005100603291,17.676698456018094,-0.8365384615384599
1.0,0.5,0.4,16.541666666666668,16.541666666666668,5.8330594821602375,17.708278563098716,-0.8173076923076934
0.1,2.0,0.4,16.51923076923077,16.51923076923077,5.951117856968935,17.709454340624557,-0.7948717948717956
10.0,1.0,0.3,16.753205128205128,16.753205128205128,4.888644318975256,17.73093399200018,-1.0288461538461533
0.1,0.5,0.35,16.57371794871795,16.57371794871795,5.810635786887976,17.735845106095542,-0.8493589743589745
0.01,1.0,0.3,16.66025641025641,16.660256410256412,5.555980424253465,17.771452495107106,-0.9358974358974343
1.0,1.0,0.4,16.66346153846154,16.663461538461537,5.637871532254099,17.791035844912358,-0.9391025641025657
0.01,0.5,0.3,16.71153846153846,16.711538461538463,5.5162481890176265,17.81478809934199,-0.9871794871794854
0.1,1.0,0.4,16.618589743589745,16.618589743589745,6.007580852189591,17.820105914027664,-0.89423076923077
1.0,2.0,0.4,16.76923076923077,16.76923076923077,5.375541805636155,17.844339130358,-1.0448717948717956
0.1,2.0,0.45,16.634615384615383,16.634615384615383,6.117974375040233,17.85821025962343,-0.9102564102564088
10.0,0.5,0.35,16.846153846153847,16.846153846153843,5.072489808758669,17.860651807905576,-1.1217948717948723
1.0,0.5,0.45,16.685897435897434,16.685897435897434,5.946742045851225,17.875245845067678,-0.9615384615384599
0.01,2.0,0.35,16.743589743589745,16.74358974358974,5.739675005174336,17.891524744624608,-1.01923076923077
0.1,0.5,0.4,16.727564102564102,16.727564102564102,5.945578477763116,17.916679798116725,-1.0032051282051277
1.0,1.0,0.45,16.791666666666668,16.791666666666664,5.722055161352388,17.93607769893714,-1.0673076923076934
0.1,1.0,0.45,16.733974358974358,16.73397435897436,6.151466052816032,17.96426756953757,-1.0096153846153832
10.0,1.0,0.35,16.996794871794872,16.99679487179487,4.900217569872194,17.97683838576931,-1.2724358974358978
10.0,2.0,0.3,17.009615384615383,17.009615384615383,4.928879668143408,17.995391318244064,-1.2852564102564088
0.01,1.0,0.35,16.90705128205128,16.90705128205128,5.718865806931103,18.050824443437502,-1.1826923076923066
10.0,0.5,0.4,17.05128205128205,17.051282051282055,5.041478186119393,18.059577688505932,-1.3269230769230766
0.01,0.5,0.35,16.935897435897434,16.935897435897438,5.6357055332345665,18.06303854254435,-1.21153846153846
1.0,2.0,0.45,16.987179487179485,16.98717948717949,5.455470928400644,18.078273672859616,-1.262820512820511
1.0,0.5,0.5,16.85576923076923,16.85576923076923,6.121013676831042,18.07997196613544,-1.1314102564102555
0.1,2.0,0.5,16.826923076923077,16.826923076923077,6.278976222785976,18.08271832148027,-1.1025641025641022
0.1,0.5,0.45,16.865384615384617,16.865384615384613,6.1197674183287285,18.08933809905036,-1.1410256410256423
0.01,2.0,0.4,16.92628205128205,16.926282051282055,5.91797999841753,18.10987805096556,-1.2019230769230766
1.0,1.0,0.5,16.94871794871795,16.94871794871795,5.827162839556775,18.114150516629305,-1.2243589743589745
0.1,1.0,0.5,16.884615384615383,16.884615384615387,6.316510018718251,18.147917388359037,-1.1602564102564088
1.0,2.0,0.5,17.121794871794872,17.121794871794872,5.517261181072629,18.2252471080094,-1.3974358974358978
1.0,0.5,0.55,16.990384615384617,16.990384615384613,6.202211283305443,18.230826872045704,-1.2660256410256423
10.0,2.0,0.35,17.278846153846153,17.278846153846157,4.892580700131357,18.25736229387243,-1.5544871794871788
0.1,2.0,0.55,16.977564102564102,16.977564102564102,6.405139784894379,18.258592059542977,-1.2532051282051277
10.0,1.0,0.4,17.275641025641026,17.275641025641026,4.924111803621985,18.260463386365423,-1.551282051282051
0.01,1.0,0.4,17.108974358974358,17.10897435897436,5.820759906649756,18.273126340304312,-1.3846153846153832
1.0,1.0,0.55,17.108974358974358,17.108974358974358,5.958866922770411,18.30074774352844,-1.3846153846153832
10.0,0.5,0.45,17.294871794871796,17.294871794871792,5.100054949362999,18.31488278474439,-1.5705128205128212
0.1,0.5,0.5,17.064102564102566,17.064102564102566,6.270466162165399,18.318195796535647,-1.3397435897435912
0.01,0.5,0.4,17.19551282051282,17.19551282051282,5.77893859163522,18.351300538839865,-1.4711538461538467
0.01,2.0,0.45,17.150641025641026,17.150641025641026,6.047370292855285,18.360115084212083,-1.426282051282051
0.1,1.0,0.55,17.083333333333332,17.083333333333332,6.465340253156529,18.376401383964637,-1.3589743589743577
1.0,2.0,0.55,17.307692307692307,17.307692307692307,5.579365071014869,18.423565321895282,-1.5833333333333321
1.0,0.5,0.6,17.16025641025641,17.16025641025641,6.3647810027023155,18.433212610796872,-1.4358974358974343
0.1,2.0,0.6,17.125,17.125,6.550269786063545,18.43505395721271,-1.4006410256410255
10.0,1.0,0.45,17.525641025641026,17.525641025641026,4.947339385507908,18.515108902742607,-1.801282051282051
1.0,1.0,0.6,17.30448717948718,17.30448717948718,6.066522021001425,18.517791583687465,-1.5801282051282044
10.0,0.5,0.5,17.5,17.5,5.125315692398427,18.525063138479684,-1.7756410256410255
0.01,1.0,0.45,17.333333333333332,17.333333333333332,5.9986609562124045,18.533065524575814,-1.6089743589743577
0.1,0.5,0.55,17.26923076923077,17.26923076923077,6.402883580540616,18.549807485338892,-1.5448717948717956
10.0,2.0,0.4,17.608974358974358,17.60897435897436,4.898622993462974,18.588698957666956,-1.8846153846153832
0.1,1.0,0.6,17.298076923076923,17.298076923076923,6.610060003099513,18.620088923696827,-1.573717948717949
0.01,2.0,0.5,17.378205128205128,17.378205128205128,6.230795610369398,18.624364250279008,-1.6538461538461533
1.0,2.0,0.6,17.496794871794872,17.496794871794872,5.6484626456848925,18.62648740093185,-1.7724358974358978
0.01,0.5,0.45,17.439102564102566,17.439102564102562,5.9433284396997035,18.627768252042504,-1.7147435897435912
1.0,0.5,0.65,17.34294871794872,17.34294871794872,6.476549039334808,18.63825852581568,-1.6185897435897445
0.1,2.0,0.65,17.33974358974359,17.339743589743588,6.679158045929019,18.67557519892939,-1.6153846153846168
1.0,1.0,0.65,17.493589743589745,17.49358974358974,6.1487425418126245,18.723338251952267,-1.76923076923077
10.0,0.5,0.55,17.75,17.75,5.179149995371462,18.78582999907429,-2.0256410256410255
0.01,1.0,0.5,17.560897435897434,17.560897435897434,6.144658773530839,18.7898291906036,-1.83653846153846
10.0,1.0,0.5,17.82371794871795,17.82371794871795,4.963518496114976,18.816421647940945,-2.0993589743589745
0.1,0.5,0.6,17.53846153846154,17.538461538461537,6.539771739015215,18.84641588626458,-1.8141025641025657
0.1,1.0,0.65,17.509615384615383,17.509615384615383,6.7392871925675735,18.857472823128898,-1.7852564102564088
1.0,2.0,0.65,17.73076923076923,17.73076923076923,5.7030066640204735,18.871370563573326,-2.0064102564102555
0.01,0.5,0.5,17.673076923076923,17.673076923076923,6.081992367942275,18.88947539666538,-1.948717948717949
1.0,0.5,0.7,17.583333333333332,17.583333333333332,6.575860862890875,18.89850550591151,-1.8589743589743577
0.01,2.0,0.55,17.625,17.624999999999996,6.384207490059681,18.901841498011933,-1.9006410256410255
10.0,2.0,0.45,17.958333333333332,17.958333333333332,4.909905967611027,18.940314526855538,-2.2339743589743577
0.1,2.0,0.7,17.583333333333332,17.583333333333332,6.812196708652074,18.945772675063747,-1.8589743589743577
1.0,1.0,0.7,17.705128205128204,17.705128205128208,6.215344418927311,18.94819708891367,-1.98076923076923
10.0,0.5,0.6,17.990384615384617,17.990384615384617,5.152036971970627,19.02079200977874,-2.2660256410256423
0.01,1.0,0.55,17.80128205128205,17.80128205128205,6.3108933664088145,19.063460724563814,-2.0769230769230766
10.0,1.0,0.55,18.108974358974358,18.108974358974358,4.9164201121612505,19.09225838140661,-2.3846153846153832
1.0,0.5,0.75,17.753205128205128,17.753205128205128,6.7086304098283644,19.0949312101708,-2.0288461538461533
1.0,2.0,0.7,17.974358974358974,17.974358974358974,5.739374311586099,19.122233836676195,-2.25
0.1,0.5,0.65,17.78846153846154,17.788461538461537,6.716284781211068,19.13171849470375,-2.0641025641025657
0.1,1.0,0.7,17.756410256410255,17.756410256410255,6.889740488390701,19.134358354088395,-2.032051282051281
0.1,2.0,0.75,17.766025641025642,17.766025641025642,6.978759482072207,19.161777537440084,-2.041666666666668
1.0,1.0,0.75,17.916666666666668,17.916666666666668,6.295384202864028,19.175743507239474,-2.1923076923076934
0.01,2.0,0.6,17.884615384615383,17.884615384615383,6.5203935881493145,19.188694102245247,-2.160256410256409
0.01,0.5,0.55,17.98076923076923,17.98076923076923,6.217915675302107,19.224352365829652,-2.2564102564102555
10.0,2.0,0.5,18.298076923076923,18.298076923076923,4.868129736374897,19.271702870351902,-2.573717948717949
10.0,0.5,0.65,18.266025641025642,18.266025641025642,5.133143655721078,19.292654372169856,-2.541666666666668
1.0,0.5,0.8,18.012820512820515,18.012820512820515,6.7901652785621245,19.37085356853294,-2.28846153846154
0.1,1.0,0.75,17.977564102564102,17.977564102564106,7.025711941669041,19.382706490897913,-2.2532051282051277
10.0,1.0,0.6,18.403846153846153,18.403846153846153,4.91064134529195,19.385974422904543,-2.679487179487179
1.0,2.0,0.75,18.23076923076923,18.23076923076923,5.787109050614831,19.388191040892195,-2.5064102564102555
0.1,2.0,0.8,17.96794871794872,17.96794871794872,7.109922250740253,19.389933168096768,-2.2435897435897445
0.01,1.0,0.6,18.125,18.125,6.4415494195922545,19.41330988391845,-2.4006410256410255
1.0,1.0,0.8,18.15705128205128,18.15705128205128,6.377858030756606,19.4326228882026,-2.4326923076923066
0.1,0.5,0.7,18.067307692307693,18.067307692307693,6.8549870089950655,19.438305094106706,-2.342948717948719
0.01,2.0,0.65,18.17628205128205,18.17628205128205,6.6311345074095955,19.50250895276397,-2.4519230769230766
0.01,0.5,0.6,18.262820512820515,18.262820512820515,6.38181189092697,19.539182891005908,-2.53846153846154
1.0,0.5,0.85,18.189102564102566,18.189102564102566,6.925083547038608,19.574119273510288,-2.464743589743591
10.0,2.0,0.55,18.641025641025642,18.641025641025642,4.85614896543449,19.61225543411254,-2.916666666666668
1.0,2.0,0.8,18.46474358974359,18.464743589743588,5.839617810855205,19.632667151914628,-2.7403846153846168
10.0,0.5,0.7,18.618589743589745,18.61858974358974,5.125801720457888,19.64375008768132,-2.89423076923077
0.1,1.0,0.8,18.224358974358974,18.224358974358974,7.179275408964656,19.660214056151904,-2.5
0.1,0.5,0.75,18.278846153846153,18.278846153846157,7.013052690339305,19.68145669191402,-2.554487179487179
0.1,2.0,0.85,18.237179487179485,18.23717948717949,7.240826566232731,19.685344800426037,-2.512820512820511
1.0,1.0,0.85,18.400641025641026,18.400641025641022,6.436185539827923,19.687878133606606,-2.676282051282051
10.0,1.0,0.65,18.727564102564102,18.727564102564102,4.883535322074173,19.704271166978938,-3.0032051282051277
0.01,1.0,0.65,18.44871794871795,18.448717948717945,6.564490673622462,19.761616083442437,-2.7243589743589745
0.01,2.0,0.7,18.496794871794872,18.496794871794872,6.808628581374214,19.858520588069716,-2.772435897435898
1.0,0.5,0.9,18.451923076923077,18.451923076923077,7.042810324596607,19.860485141842396,-2.727564102564102
0.01,0.5,0.65,18.560897435897434,18.560897435897438,6.5192914363211045,19.864755723161657,-2.83653846153846
1.0,2.0,0.85,18.69871794871795,18.69871794871795,5.850134300565095,19.868744808830968,-2.9743589743589745
10.0,0.5,0.75,18.90705128205128,18.907051282051285,5.138544264969471,19.934760135045178,-3.1826923076923066
1.0,1.0,0.9,18.647435897435898,18.647435897435898,6.499304570091023,19.947296811454102,-2.9230769230769234
0.1,1.0,0.85,18.483974358974358,18.48397435897436,7.324999887805087,19.94897433653538,-2.7596153846153832
0.1,2.0,0.9,18.477564102564102,18.477564102564102,7.358707027441257,19.949305508052355,-2.7532051282051277
0.1,0.5,0.8,18.55128205128205,18.55128205128205,7.145524063036749,19.9803868638894,-2.8269230769230766
10.0,2.0,0.6,19.03525641025641,19.035256410256412,4.814423706383671,19.998141151533147,-3.3108974358974343
10.0,1.0,0.7,19.108974358974358,19.10897435897436,4.7992318720262634,20.068820733379614,-3.3846153846153832
0.01,1.0,0.7,18.746794871794872,18.746794871794872,6.735880995411989,20.09397107087727,-3.022435897435898
1.0,0.5,0.95,18.701923076923077,18.701923076923077,7.144127238094436,20.130748524541964,-2.977564102564102
0.01,2.0,0.75,18.759615384615383,18.759615384615383,6.920714963892087,20.1437583773938,-3.035256410256409
1.0,2.0,0.9,19.006410256410255,19.00641025641026,5.8986934277991665,20.186148941970092,-3.282051282051281
1.0,1.0,0.95,18.884615384615383,18.884615384615383,6.596135157333173,20.20384241608202,-3.160256410256409
0.1,1.0,0.9,18.73076923076923,18.73076923076923,7.458208680764992,20.22241096692223,-3.0064102564102555
0.1,2.0,0.95,18.727564102564102,18.727564102564102,7.480756185034656,20.223715339571033,-3.0032051282051277
0.01,0.5,0.7,18.919871794871796,18.919871794871796,6.65177469485088,20.25022673384197,-3.195512820512821
10.0,0.5,0.8,19.253205128205128,19.253205128205128,5.093073774908438,20.271819883186815,-3.5288461538461533
0.1,0.5,0.85,18.83653846153846,18.836538461538463,7.303632053545004,20.297264872247464,-3.1121794871794854
10.0,2.0,0.65,19.403846153846153,19.403846153846153,4.748377694516627,20.353521692749478,-3.679487179487179
1.0,0.5,1.0,18.94871794871795,18.94871794871795,7.231218162095775,20.394961581137103,-3.2243589743589745
10.0,1.0,0.75,19.44871794871795,19.44871794871795,4.798820874787594,20.40848212367547,-3.7243589743589745
0.01,1.0,0.75,19.067307692307693,19.06730769230769,6.874659306602331,20.442239553628156,-3.342948717948719
1.0,2.0,0.95,19.266025641025642,19.26602564102564,5.919135975260462,20.44985283607773,-3.541666666666668
1.0,1.0,1.0,19.166666666666668,19.166666666666668,6.66208237352337,20.499083141371344,-3.4423076923076934
0.1,2.0,1.0,18.987179487179485,18.987179487179485,7.641488111972528,20.51547710957399,-3.262820512820511
0.01,2.0,0.8,19.112179487179485,19.112179487179485,7.054725994629634,20.52312468610541,-3.387820512820511
0.1,1.0,0.95,19.009615384615383,19.009615384615387,7.582133686024114,20.52604212182021,-3.285256410256409
10.0,0.5,0.85,19.528846153846153,19.528846153846153,5.083871871431087,20.54562052813237,-3.804487179487179
0.1,0.5,0.9,19.108974358974358,19.10897435897436,7.39783861055537,20.588542081085436,-3.3846153846153832
0.01,0.5,0.75,19.227564102564102,19.227564102564102,6.830248527980343,20.59361380816017,-3.5032051282051277
1.0,2.0,1.0,19.53525641025641,19.535256410256412,5.945765078621186,20.72440942598065,-3.8108974358974343
10.0,2.0,0.7,19.798076923076923,19.798076923076923,4.716830492133329,20.74144302150359,-4.073717948717949
10.0,1.0,0.8,19.794871794871796,19.794871794871796,4.752680997089122,20.74540799428962,-4.070512820512821
0.01,1.0,0.8,19.403846153846153,19.403846153846153,7.025646874412687,20.80897552872869,-3.679487179487179
0.01,2.0,0.85,19.416666666666668,19.416666666666668,7.1765704927087475,20.851980765208417,-3.6923076923076934
0.1,1.0,1.0,19.317307692307693,19.31730769230769,7.718598900332942,20.86102747237428,-3.592948717948719
10.0,0.5,0.9,19.875,19.875,5.056068155913116,20.886213631182624,-4.1506410256410255
0.1,0.5,0.95,19.41346153846154,19.413461538461537,7.5348201402788035,20.9204255665173,-3.6891025641025657
0.01,0.5,0.8,19.57371794871795,19.573717948717945,6.946509637034241,20.963019876124793,-3.8493589743589745
10.0,1.0,0.85,20.182692307692307,20.18269230769231,4.686139677697994,21.11992024323191,-4.458333333333332
10.0,2.0,0.75,20.19551282051282,20.19551282051282,4.659768120647051,21.12746644464223,-4.471153846153847
10.0,0.5,0.95,20.189102564102566,20.189102564102566,5.0340362327104815,21.19590981064466,-4.464743589743591
0.01,1.0,0.85,19.759615384615383,19.759615384615383,7.187367613050568,21.197088907225496,-4.035256410256409
0.01,2.0,0.9,19.75,19.75,7.333691940308453,21.216738388061692,-4.0256410256410255
0.1,0.5,1.0,19.71794871794872,19.71794871794872,7.6781011976474325,21.253568957478205,-3.9935897435897445
0.01,0.5,0.85,19.916666666666668,19.91666666666667,7.0995116323229235,21.336568993131255,-4.192307692307693
10.0,1.0,0.9,20.525641025641026,20.525641025641026,4.611398741850948,21.447920774011216,-4.801282051282051
10.0,2.0,0.8,20.599358974358974,20.599358974358974,4.555371266978483,21.51043322775467,-4.875
10.0,0.5,1.0,20.506410256410255,20.50641025641026,5.055213717843228,21.517452999978904,-4.782051282051281
0.01,1.0,0.9,20.064102564102566,20.064102564102566,7.299114961705604,21.523925556443686,-4.339743589743591
0.01,2.0,0.95,20.064102564102566,20.064102564102566,7.474048350848543,21.558912234272274,-4.339743589743591
0.01,0.5,0.9,20.275641025641026,20.275641025641022,7.24345643172084,21.72433231198519,-4.551282051282051
10.0,1.0,0.95,20.935897435897434,20.935897435897434,4.55171991393198,21.84624141868383,-5.21153846153846
0.01,1.0,0.95,20.439102564102566,20.439102564102562,7.399052866205023,21.918913137343566,-4.714743589743591
0.01,2.0,1.0,20.403846153846153,20.40384615384615,7.593995149288427,21.922645183703835,-4.679487179487179
10.0,2.0,0.85,21.060897435897434,21.060897435897434,4.538806710400006,21.968658777977435,-5.33653846153846
0.01,0.5,0.95,20.647435897435898,20.647435897435894,7.414067758201864,22.130249449076267,-4.923076923076923
10.0,1.0,1.0,21.317307692307693,21.31730769230769,4.514724294311771,22.220252551170045,-5.592948717948719
0.01,1.0,1.0,20.772435897435898,20.7724358974359,7.554122735244994,22.2832604444849,-5.048076923076923
10.0,2.0,0.9,21.48076923076923,21.480769230769226,4.485856031935319,22.37794043715629,-5.7564102564102555
0.01,0.5,1.0,21.006410256410255,21.006410256410255,7.5493908432322545,22.516288425056707,-5.282051282051281
10.0,2.0,0.95,21.91346153846154,21.913461538461544,4.41696553824851,22.796854646111246,-6.189102564102566
10.0,2.0,1.0,22.35576923076923,22.355769230769226,4.345001407226106,23.224769512214447,-6.6314102564102555
