city,trial,max_features,min_samples_leaf,max_depth,annual_mae,horizon_mae,outbreak_mae,prediction_mean,prediction_max,baseline_annual_mae,baseline_horizon_mae,amplitude_ok,validation_ok,eligible,selection_score
iq,1,0.4,3,,6.25,7.378205128205129,31.25,5.57051282051282,11.0,6.149038461538462,7.288461538461538,True,True,True,1.014366091032806
iq,2,0.4,5,,6.1826923076923075,7.352564102564102,31.625,5.685897435897436,9.0,6.149038461538462,7.288461538461538,True,True,True,1.0071340502797712
iq,3,0.4,7,,6.115384615384615,7.346153846153846,31.875,5.461538461538462,10.0,6.149038461538462,7.288461538461538,True,True,True,1.0012212707404573
iq,4,0.5,3,,6.216346153846154,7.365384615384615,31.1875,5.647435897435898,11.0,6.149038461538462,7.288461538461538,True,True,True,1.0107500706562886
iq,5,0.5,5,,6.149038461538462,7.288461538461538,31.1875,5.762820512820513,10.0,6.149038461538462,7.288461538461538,True,True,True,1.0
iq,6,0.5,7,,6.168269230769231,7.314102564102564,31.5625,5.57051282051282,10.0,6.149038461538462,7.288461538461538,True,True,True,1.0033227366091721
iq,7,0.6,3,,6.163461538461538,7.3076923076923075,31.0,5.602564102564102,11.0,6.149038461538462,7.288461538461538,True,True,True,1.002492052456879
iq,8,0.6,5,,6.110576923076923,7.282051282051282,31.0625,5.833333333333333,10.0,6.149038461538462,7.288461538461538,True,True,True,0.9964328029470033
iq,9,0.6,7,,6.086538461538462,7.294871794871795,31.375,5.743589743589744,9.0,6.149038461538462,7.288461538461538,True,True,True,0.9953576583508856
sj,1,0.8,3,,14.182692307692308,15.984615384615385,27.615384615384617,32.565384615384616,90.0,13.764423076923077,15.961538461538462,True,False,False,1.0159167441684307
sj,2,0.8,3,20.0,14.182692307692308,15.98076923076923,27.576923076923077,32.56153846153846,90.0,13.764423076923077,15.961538461538462,True,False,False,1.0157962622407197
sj,3,0.8,5,,14.0625,16.411538461538463,27.5,32.60769230769231,91.0,13.764423076923077,15.961538461538462,True,True,True,1.0249241885460108
sj,4,0.8,5,20.0,14.0625,16.411538461538463,27.5,32.60769230769231,91.0,13.764423076923077,15.961538461538462,True,True,True,1.0249241885460108
sj,5,0.8,7,,14.54326923076923,16.273076923076925,29.153846153846153,32.3,90.0,13.764423076923077,15.961538461538462,True,False,False,1.0380510375417142
sj,6,0.8,7,20.0,14.54326923076923,16.273076923076925,29.153846153846153,32.3,90.0,13.764423076923077,15.961538461538462,True,False,False,1.0380510375417142
sj,7,0.9,3,,14.48076923076923,16.65,27.46153846153846,32.761538461538464,83.0,13.764423076923077,15.961538461538462,True,False,False,1.0475879206662486
sj,8,0.9,3,20.0,14.451923076923077,16.665384615384614,27.26923076923077,32.8,84.0,13.764423076923077,15.961538461538462,True,False,False,1.0470219964734944
sj,9,0.9,5,,14.557692307692308,16.380769230769232,27.0,32.7,82.0,13.764423076923077,15.961538461538462,True,False,False,1.0419484574694167
sj,10,0.9,5,20.0,14.557692307692308,16.380769230769232,27.0,32.7,82.0,13.764423076923077,15.961538461538462,True,False,False,1.0419484574694167
sj,11,0.9,7,,14.798076923076923,16.888461538461538,28.692307692307693,32.853846153846156,81.0,13.764423076923077,15.961538461538462,True,False,False,1.0665841711238948
sj,12,0.9,7,20.0,14.798076923076923,16.888461538461538,28.692307692307693,32.853846153846156,81.0,13.764423076923077,15.961538461538462,True,False,False,1.0665841711238948
sj,13,1.0,3,,14.057692307692308,16.1,26.115384615384617,32.573076923076925,91.0,13.764423076923077,15.961538461538462,True,True,True,1.0149905104174997
sj,14,1.0,3,20.0,14.072115384615385,16.138461538461538,26.23076923076923,32.603846153846156,92.0,13.764423076923077,15.961538461538462,True,True,True,1.0167192556464069
sj,15,1.0,5,,13.764423076923077,15.961538461538462,26.384615384615383,32.44230769230769,90.0,13.764423076923077,15.961538461538462,True,True,True,1.0
sj,16,1.0,5,20.0,13.764423076923077,15.961538461538462,26.384615384615383,32.44230769230769,90.0,13.764423076923077,15.961538461538462,True,True,True,1.0
sj,17,1.0,7,,14.490384615384615,16.49230769230769,29.653846153846153,32.21923076923077,84.0,13.764423076923077,15.961538461538462,True,False,False,1.0429974455979698
sj,18,1.0,7,20.0,14.490384615384615,16.49230769230769,29.653846153846153,32.21923076923077,84.0,13.764423076923077,15.961538461538462,True,False,False,1.0429974455979698
